Workbook
Name Age_Initiated: '1st Procedure'!$B:$B
Name Age_Initiated: '2nd'!$B:$B
Name Age_Initiated: '3rd'!$B:$B
Name Age_Initiated: '4th'!$B:$B
Name Age_Initiated: Diagnostic!$B:$B
Name Age_Initiated: Equipment!$B:$B
Name Age_Initiated: Evaluations!$B:$B
Name Age_Initiated: 'Home Maintenance'!$B:$B
Name Age_Initiated: 'Home Services'!$B:$B
Name Age_Initiated: Injections!$B:$B
Name Age_Initiated: Medications!$B:$B
Name Age_Initiated: Prostheses!$B:$B
Name Age_Initiated: 'Routine Care'!$B:$B
Name Age_Initiated: Therapeutic!$B:$B
Name Age_Initiated: Transportation!$B:$B
Name AnnMax: '1st Procedure'!$O:$O
Name AnnMax: '2nd'!$O:$O
Name AnnMax: '3rd'!$O:$O
Name AnnMax: '4th'!$O:$O
Name AnnMax: Diagnostic!$O:$O
Name AnnMax: Equipment!$O:$O
Name AnnMax: Evaluations!$O:$O
Name AnnMax: 'Home Maintenance'!$O:$O
Name AnnMax: 'Home Services'!$O:$O
Name AnnMax: Injections!$O:$O
Name AnnMax: Medications!$O:$O
Name AnnMax: Prostheses!$O:$O
Name AnnMax: 'Routine Care'!$O:$O
Name AnnMax: Therapeutic!$O:$O
Name AnnMax: Transportation!$O:$O
Name AnnMin: '1st Procedure'!$N:$N
Name AnnMin: '2nd'!$N:$N
Name AnnMin: '3rd'!$N:$N
Name AnnMin: '4th'!$N:$N
Name AnnMin: Diagnostic!$N:$N
Name AnnMin: Equipment!$N:$N
Name AnnMin: Evaluations!$N:$N
Name AnnMin: 'Home Maintenance'!$N:$N
Name AnnMin: 'Home Services'!$N:$N
Name AnnMin: Injections!$N:$N
Name AnnMin: Medications!$N:$N
Name AnnMin: Prostheses!$N:$N
Name AnnMin: 'Routine Care'!$N:$N
Name AnnMin: Therapeutic!$N:$N
Name AnnMin: Transportation!$N:$N
Name Duration: '1st Procedure'!$D:$D
Name Duration: '2nd'!$D:$D
Name Duration: '3rd'!$D:$D
Name Duration: '4th'!$D:$D
Name Duration: Diagnostic!$D:$D
Name Duration: Equipment!$D:$D
Name Duration: Evaluations!$D:$D
Name Duration: 'Home Maintenance'!$D:$D
Name Duration: 'Home Services'!$D:$D
Name Duration: Injections!$D:$D
Name Duration: Medications!$D:$D
Name Duration: Prostheses!$D:$D
Name Duration: 'Routine Care'!$D:$D
Name Duration: Transportation!$D:$D
Name durations: 'Drop Downs'!$W$12:$W$16

Sheet Master Data
A1: Today's Date: | B1: =TODAY() -> 46129
A2: Name:
A3: Date of Birth: | U3: Column1 | V3: Column2
A4: Sex: | U4: Los Angeles | V4: 2
A5: Ethnicity: | B5: Only | U5: San Diego | V5: 3
A6: Age: | B6: =ROUND((B1-B3)/365.25,1) -> 126.3 | U6: San Francisco | V6: 4
A7: Life Expectancy: | B7: =B8+B6 -> 136.3 | U7: Palo Alto | V7: 5
A8: Years Remaining | B8: 10
A9: Combined Demographic: | B9: =CONCATENATE(Race," ",Sex) -> Only
A10: L.E. Table #: | B10: =VLOOKUP(B9,'Drop Downs'!S11:T21,2,FALSE) -> #N/A
A13: Title | B13: =IF(Sex="Male","Mr. ","Ms. ") -> Ms.
A14: Surname | B14: =RIGHT(B2,LEN(B2)-FIND(" ",B2)) -> #VALUE!
A18: LUNG-RELATED
A19: Location: | B19: Los Angeles

Sheet 1st Procedure
A1: PROCEDURES
A2: Description: | B2: Age Initiated: | C2: Through Age: | D2: Duration (Years): | E2: Min Cost of Visit: | F2: Max Cost of Visit: | G2: Cost: | H2: Freq Min: | I2: Freq Max: | J2: Time Period Min: | K2: Time Period Max: | L2: Time Value: | M2: Frequency: | N2: Annual Cost Min: | O2: Annual Cost Max: | P2: Annual Cost: | Q2: One-Time Cost Min: | R2: One-Time Cost Max: | S2: One-Time Cost: | U2: Durations? | AA2: Annualized full frequency | AB2: Lifetime full frequency | AC2: Non-lifetime duration | AD2: Non-lifetime frequency | AE2: Non-litime time period
A3: Double Lung Transplant | B3: ='Master Data'!$B$6 -> 126.3 | C3: ='Master Data'!$B$7 -> 136.3 | D3: =ROUND(C3-B3,1) -> 10 | E3: {=IF( $A3="Single Lung Transplant", _xlfn.XLOOKUP(1,'Cost Data Sheet'!$A$2:$A$1003,'Cost Data Sheet'!$F$2:$F$1003), IF( $A3="Double Lung Transplant", _xlfn.XLOOKUP(2,'Cost Data Sheet'!$A$2:$A$1003,'Cost Data Sheet'!$F$2:$F$1003), SUMPRODUCT( ('Service to CPT Map'!$A$2:$A$1017=$A3)* ('Service to CPT Map'!$B$2:$B$1017="Low")* ('Service to CPT Map'!$D$2:$D$1017="Medical")* IFERROR( _xlfn.XLOOKUP( 'Service to CPT Map'!$C$2:$C$1017, 'Cost Data Sheet'!$A$2:$A$1003, CHOOSE( MATCH('Master Data'!$B$19, {"Los Angeles","San Diego","San Francisco","Palo Alto"},0), 'Cost Data Sheet'!$B$2:$B$1003, 'Cost Data Sheet'!$C$2:$C$1003, 'Cost Data Sheet'!$D$2:$D$1003, 'Cost Data Sheet'!$E$2:$E$1003 ) ), 0 ) ) + IF( COUNTIFS( 'Service to CPT Map'!$A$2:$A$1017,$A3, 'Service to CPT Map'!$B$2:$B$1017,"Low", 'Service to CPT Map'!$D$2:$D$1017,"Anesthesia" )>0, SUMPRODUCT( ('Service to CPT Map'!$A$2:$A$1017=$A3)* ('Service to CPT Map'!$B$2:$B$1017="Low")* ('Service to CPT Map'!$D$2:$D$1017="Anesthesia")* IFERROR( _xlfn.XLOOKUP( 'Service to CPT Map'!$C$2:$C$1017, 'Cost Data Sheet'!$A$2:$A$1003, CHOOSE( MATCH('Master Data'!$B$19, {"Los Angeles","San Diego","San Francisco","Palo Alto"},0), 'Cost Data Sheet'!$B$2:$B$1003, 'Cost Data Sheet'!$C$2:$C$1003, 'Cost Data Sheet'!$D$2:$D$1003, 'Cost Data Sheet'!$E$2:$E$1003 ) ), 0 ) ), SUMPRODUCT( ('Service to CPT Map'!$A$2:$A$1017=$A3)* ('Service to CPT Map'!$B$2:$B$1017="Low")* ('Service to CPT Map'!$D$2:$D$1017="Medical - Sedation")* IFERROR( _xlfn.XLOOKUP( 'Service to CPT Map'!$C$2:$C$1017, 'Cost Data Sheet'!$A$2:$A$1003, CHOOSE( MATCH('Master Data'!$B$19, {"Los Angeles","San Diego","San Francisco","Palo Alto"},0), 'Cost Data Sheet'!$B$2:$B$1003, 'Cost Data Sheet'!$C$2:$C$1003, 'Cost Data Sheet'!$D$2:$D$1003, 'Cost Data Sheet'!$E$2:$E$1003 ) ), 0 ) ) ) + MIN( SUMPRODUCT( ('Service to CPT Map'!$A$2:$A$1017=$A3)* ('Service to CPT Map'!$B$2:$B$1017="Low")* ('Service to CPT Map'!$D$2:$D$1017="ASC")* IFERROR( _xlfn.XLOOKUP( 'Service to CPT Map'!$C$2:$C$1017, 'Cost Data Sheet'!$A$2:$A$1003, CHOOSE( MATCH('Master Data'!$B$19, {"Los Angeles","San Diego","San Francisco","Palo Alto"},0), 'Cost Data Sheet'!$B$2:$B$1003, 'Cost Data Sheet'!$C$2:$C$1003, 'Cost Data Sheet'!$D$2:$D$1003, 'Cost Data Sheet'!$E$2:$E$1003 ) ), 0 ) ), SUMPRODUCT( ('Service to CPT Map'!$A$2:$A$1017=$A3)* ('Service to CPT Map'!$B$2:$B$1017="Low")* ('Service to CPT Map'!$D$2:$D$1017="Outpatient")* IFERROR( _xlfn.XLOOKUP( 'Service to CPT Map'!$C$2:$C$1017, 'Cost Data Sheet'!$A$2:$A$1003, CHOOSE( MATCH('Master Data'!$B$19, {"Los Angeles","San Diego","San Francisco","Palo Alto"},0), 'Cost Data Sheet'!$B$2:$B$1003, 'Cost Data Sheet'!$C$2:$C$1003, 'Cost Data Sheet'!$D$2:$D$1003, 'Cost Data Sheet'!$E$2:$E$1003 ) ), 0 ) ) ) ) )} -> 2346500 | F3: {=IF( OR($A3="Single Lung Transplant",$A3="Double Lung Transplant"), E3, SUMPRODUCT( ('Service to CPT Map'!$A$2:$A$1017=$A3)* ('Service to CPT Map'!$B$2:$B$1017="High")* ('Service to CPT Map'!$D$2:$D$1017="Medical")* IFERROR( _xlfn.XLOOKUP( 'Service to CPT Map'!$C$2:$C$1017, 'Cost Data Sheet'!$A$2:$A$1003, CHOOSE( MATCH('Master Data'!$B$19, {"Los Angeles","San Diego","San Francisco","Palo Alto"},0), 'Cost Data Sheet'!$B$2:$B$1003, 'Cost Data Sheet'!$C$2:$C$1003, 'Cost Data Sheet'!$D$2:$D$1003, 'Cost Data Sheet'!$E$2:$E$1003 ) ), 0 ) ) + IF( COUNTIFS( 'Service to CPT Map'!$A$2:$A$1017,$A3, 'Service to CPT Map'!$B$2:$B$1017,"High", 'Service to CPT Map'!$D$2:$D$1017,"Anesthesia" )>0, SUMPRODUCT( ('Service to CPT Map'!$A$2:$A$1017=$A3)* ('Service to CPT Map'!$B$2:$B$1017="High")* ('Service to CPT Map'!$D$2:$D$1017="Anesthesia")* IFERROR( _xlfn.XLOOKUP( 'Service to CPT Map'!$C$2:$C$1017, 'Cost Data Sheet'!$A$2:$A$1003, CHOOSE( MATCH('Master Data'!$B$19, {"Los Angeles","San Diego","San Francisco","Palo Alto"},0), 'Cost Data Sheet'!$B$2:$B$1003, 'Cost Data Sheet'!$C$2:$C$1003, 'Cost Data Sheet'!$D$2:$D$1003, 'Cost Data Sheet'!$E$2:$E$1003 ) ), 0 ) ), SUMPRODUCT( ('Service to CPT Map'!$A$2:$A$1017=$A3)* ('Service to CPT Map'!$B$2:$B$1017="High")* ('Service to CPT Map'!$D$2:$D$1017="Medical - Sedation")* IFERROR( _xlfn.XLOOKUP( 'Service to CPT Map'!$C$2:$C$1017, 'Cost Data Sheet'!$A$2:$A$1003, CHOOSE( MATCH('Master Data'!$B$19, {"Los Angeles","San Diego","San Francisco","Palo Alto"},0), 'Cost Data Sheet'!$B$2:$B$1003, 'Cost Data Sheet'!$C$2:$C$1003, 'Cost Data Sheet'!$D$2:$D$1003, 'Cost Data Sheet'!$E$2:$E$1003 ) ), 0 ) ) ) + MAX( SUMPRODUCT( ('Service to CPT Map'!$A$2:$A$1017=$A3)* ('Service to CPT Map'!$B$2:$B$1017="High")* ('Service to CPT Map'!$D$2:$D$1017="ASC")* IFERROR( _xlfn.XLOOKUP( 'Service to CPT Map'!$C$2:$C$1017, 'Cost Data Sheet'!$A$2:$A$1003, CHOOSE( MATCH('Master Data'!$B$19, {"Los Angeles","San Diego","San Francisco","Palo Alto"},0), 'Cost Data Sheet'!$B$2:$B$1003, 'Cost Data Sheet'!$C$2:$C$1003, 'Cost Data Sheet'!$D$2:$D$1003, 'Cost Data Sheet'!$E$2:$E$1003 ) ), 0 ) ), SUMPRODUCT( ('Service to CPT Map'!$A$2:$A$1017=$A3)* ('Service to CPT Map'!$B$2:$B$1017="High")* ('Service to CPT Map'!$D$2:$D$1017="Outpatient")* IFERROR( _xlfn.XLOOKUP( 'Service to CPT Map'!$C$2:$C$1017, 'Cost Data Sheet'!$A$2:$A$1003, CHOOSE( MATCH('Master Data'!$B$19, {"Los Angeles","San Diego","San Francisco","Palo Alto"},0), 'Cost Data Sheet'!$B$2:$B$1003, 'Cost Data Sheet'!$C$2:$C$1003, 'Cost Data Sheet'!$D$2:$D$1003, 'Cost Data Sheet'!$E$2:$E$1003 ) ), 0 ) ) ) )} -> 2346500 | G3: =IF(E3<F3,CONCATENATE(TEXT(E3,"$#,##0.00"),CHAR(10)," - ",CHAR(10),TEXT(F3,"$#,##0.00")),TEXT(E3,"$#,##0.00")) -> $2,346,500.00 | H3: 1 | L3: =IF(LEN(K3)=0,IF(LEN(J3)=0,"lifetime",IF(J3=1,"year","years")),"years") -> lifetime | M3: =IF(L3="lifetime", IF(I3<>"", H3 & "-" & I3 & "x/lifetime", H3 & "x/lifetime"), IF(D3='Master Data'!$B$8, AD3 & AE3, AD3 & AE3 & AC3)) -> 1x/lifetime | N3: =ROUND(IF(OR(EXACT(TimeValue,"years"),EXACT(TimeValue,"year")),IF(OR(MinTimePeriod>0,MaxTimePeriod>0),MinFreq*MinCost/(IF(MaxTimePeriod>0,MaxTimePeriod,MinTimePeriod)),0),IF(EXACT(TimeValue,"lifetime"),0,IF(OR(EXACT(TimeValue,"month"),EXACT(TimeValue,"months")),IF(OR(MinTimePeriod>0,MaxTimePeriod>0),MinFreq*MinCost/(IF(MaxTimePeriod>0,MaxTimePeriod/12,MinTimePeriod/12)),0),IF(OR(EXACT(TimeValue,"week"),EXACT(TimeValue,"weeks")),IF(OR(MinTimePeriod>0,MaxTimePeriod>0),MinFreq*MinCost/(IF(MaxTimePeriod>0,MaxTimePeriod/52,MinTimePeriod/52)),0),IF(OR(EXACT(TimeValue,"day"),EXACT(TimeValue,"days")),IF(OR(MinTimePeriod>0,MaxTimePeriod>0),MinFreq*MinCost/(IF(MaxTimePeriod>0,MaxTimePeriod/365,MinTimePeriod/365))),"invalidinput"))))),2) -> 0 | O3: =ROUND(IF(TimeValue="lifetime",0,IF(OR(EXACT(TimeValue,"years"),EXACT(TimeValue,"year")),IF(OR(MinTimePeriod>0,MaxTimePeriod>0),(IF(MaxFreq>0,MaxFreq,MinFreq))*MaxCost/MinTimePeriod),IF(OR(EXACT(TimeValue,"month"),EXACT(TimeValue,"months")),IF(OR(MinTimePeriod>0,MaxTimePeriod>0),(IF(MaxFreq>0,MaxFreq,MinFreq))*MaxCost/(MinTimePeriod/12),0),IF(OR(EXACT(TimeValue,"week"),EXACT(TimeValue,"weeks")),IF(OR(MinTimePeriod>0,MaxTimePeriod>0),IF(MaxFreq>0,MaxFreq,MinFreq))*MaxCost/(MinTimePeriod/52),IF(OR(EXACT(TimeValue,"day"),EXACT(TimeValue,"days")),IF(OR(MinTimePeriod>0,MaxTimePeriod>0),IF(MaxFreq>0,MaxFreq,MinFreq))*MaxCost/(MinTimePeriod/365),"invalidinput"))))),2) -> 0 | P3: =IF(N3<O3,CONCATENATE(TEXT(N3,"$#,###.00"),CHAR(10)," - ",CHAR(10),TEXT(O3,"$#,####.00")),TEXT(N3,"$0.00")) -> $0.00 | Q3: =ROUND(IF(TimeValue="lifetime",MinCost*MinFreq,0),2) -> 2346500 | R3: =ROUND(IF(AND(TimeValue="lifetime",MaxFreq<1),MinFreq*MaxCost,IF(AND(TimeValue="lifetime",MaxFreq>=1),MaxFreq*MaxCost,0)),2) -> 2346500 | S3: =IF(Q3<R3,CONCATENATE(TEXT(Q3,"$#,##0.00"),CHAR(10)," - ",CHAR(10),TEXT(R3,"$#,##0.00")),TEXT(Q3,"$#,##0.00")) -> $2,346,500.00 | U3: {=IF(AND(ROUND(Table14[Duration (Years):],1)='Master Data'!$B$8),"same","different")} -> different | V3: Link to copy/paste table here | AA3: =IF(L3="lifetime", "one-time cost", IF(D3='Master Data'!$B$8, AD3 & AE3, AD3 & AE3 & AC3)) -> one-time cost | AB3: =IF(L3="lifetime", IF(I3<>"", H3 & "-" & I3 & "x/lifetime", H3 & "x/lifetime"), "ongoing cost") -> 1x/lifetime | AC3: =IF(Table14[[#This Row],[Duration (Years):]]<>'Master Data'!$B$8,CONCATENATE(",",CHAR(10),"for ",Table14[[#This Row],[Duration (Years):]]," years"),"lifelong") -> lifelong | AD3: =IF(L3="lifetime", "one-time cost", IF(I3<>"", H3 & "-" & I3 & "x/", H3 & "x/")) -> one-time cost | AE3: =IF(L3="lifetime", "one-time cost", IF(K3<>"", J3 & "-" & K3 & " " & L3, IF(J3>1, J3 & " " & L3, L3))) -> one-time cost
A4: Flexible Bronchoscopy with Transbronchial Biopsy or "Cryo Biopsy" | B4: ='Master Data'!$B$6 -> 126.3 | C4: ='Master Data'!$B$7 -> 136.3 | D4: =ROUND(C4-B4,1) -> 10 | E4: {=IF( $A4="Single Lung Transplant", _xlfn.XLOOKUP(1,'Cost Data Sheet'!$A$2:$A$1003,'Cost Data Sheet'!$F$2:$F$1003), IF( $A4="Double Lung Transplant", _xlfn.XLOOKUP(2,'Cost Data Sheet'!$A$2:$A$1003,'Cost Data Sheet'!$F$2:$F$1003), SUMPRODUCT( ('Service to CPT Map'!$A$2:$A$1017=$A4)* ('Service to CPT Map'!$B$2:$B$1017="Low")* ('Service to CPT Map'!$D$2:$D$1017="Medical")* IFERROR( _xlfn.XLOOKUP( 'Service to CPT Map'!$C$2:$C$1017, 'Cost Data Sheet'!$A$2:$A$1003, CHOOSE( MATCH('Master Data'!$B$19, {"Los Angeles","San Diego","San Francisco","Palo Alto"},0), 'Cost Data Sheet'!$B$2:$B$1003, 'Cost Data Sheet'!$C$2:$C$1003, 'Cost Data Sheet'!$D$2:$D$1003, 'Cost Data Sheet'!$E$2:$E$1003 ) ), 0 ) ) + IF( COUNTIFS( 'Service to CPT Map'!$A$2:$A$1017,$A4, 'Service to CPT Map'!$B$2:$B$1017,"Low", 'Service to CPT Map'!$D$2:$D$1017,"Anesthesia" )>0, SUMPRODUCT( ('Service to CPT Map'!$A$2:$A$1017=$A4)* ('Service to CPT Map'!$B$2:$B$1017="Low")* ('Service to CPT Map'!$D$2:$D$1017="Anesthesia")* IFERROR( _xlfn.XLOOKUP( 'Service to CPT Map'!$C$2:$C$1017, 'Cost Data Sheet'!$A$2:$A$1003, CHOOSE( MATCH('Master Data'!$B$19, {"Los Angeles","San Diego","San Francisco","Palo Alto"},0), 'Cost Data Sheet'!$B$2:$B$1003, 'Cost Data Sheet'!$C$2:$C$1003, 'Cost Data Sheet'!$D$2:$D$1003, 'Cost Data Sheet'!$E$2:$E$1003 ) ), 0 ) ), SUMPRODUCT( ('Service to CPT Map'!$A$2:$A$1017=$A4)* ('Service to CPT Map'!$B$2:$B$1017="Low")* ('Service to CPT Map'!$D$2:$D$1017="Medical - Sedation")* IFERROR( _xlfn.XLOOKUP( 'Service to CPT Map'!$C$2:$C$1017, 'Cost Data Sheet'!$A$2:$A$1003, CHOOSE( MATCH('Master Data'!$B$19, {"Los Angeles","San Diego","San Francisco","Palo Alto"},0), 'Cost Data Sheet'!$B$2:$B$1003, 'Cost Data Sheet'!$C$2:$C$1003, 'Cost Data Sheet'!$D$2:$D$1003, 'Cost Data Sheet'!$E$2:$E$1003 ) ), 0 ) ) ) + MIN( SUMPRODUCT( ('Service to CPT Map'!$A$2:$A$1017=$A4)* ('Service to CPT Map'!$B$2:$B$1017="Low")* ('Service to CPT Map'!$D$2:$D$1017="ASC")* IFERROR( _xlfn.XLOOKUP( 'Service to CPT Map'!$C$2:$C$1017, 'Cost Data Sheet'!$A$2:$A$1003, CHOOSE( MATCH('Master Data'!$B$19, {"Los Angeles","San Diego","San Francisco","Palo Alto"},0), 'Cost Data Sheet'!$B$2:$B$1003, 'Cost Data Sheet'!$C$2:$C$1003, 'Cost Data Sheet'!$D$2:$D$1003, 'Cost Data Sheet'!$E$2:$E$1003 ) ), 0 ) ), SUMPRODUCT( ('Service to CPT Map'!$A$2:$A$1017=$A4)* ('Service to CPT Map'!$B$2:$B$1017="Low")* ('Service to CPT Map'!$D$2:$D$1017="Outpatient")* IFERROR( _xlfn.XLOOKUP( 'Service to CPT Map'!$C$2:$C$1017, 'Cost Data Sheet'!$A$2:$A$1003, CHOOSE( MATCH('Master Data'!$B$19, {"Los Angeles","San Diego","San Francisco","Palo Alto"},0), 'Cost Data Sheet'!$B$2:$B$1003, 'Cost Data Sheet'!$C$2:$C$1003, 'Cost Data Sheet'!$D$2:$D$1003, 'Cost Data Sheet'!$E$2:$E$1003 ) ), 0 ) ) ) ) )} -> 16863 | F4: {=IF( OR($A4="Single Lung Transplant",$A4="Double Lung Transplant"), E4, SUMPRODUCT( ('Service to CPT Map'!$A$2:$A$1017=$A4)* ('Service to CPT Map'!$B$2:$B$1017="High")* ('Service to CPT Map'!$D$2:$D$1017="Medical")* IFERROR( _xlfn.XLOOKUP( 'Service to CPT Map'!$C$2:$C$1017, 'Cost Data Sheet'!$A$2:$A$1003, CHOOSE( MATCH('Master Data'!$B$19, {"Los Angeles","San Diego","San Francisco","Palo Alto"},0), 'Cost Data Sheet'!$B$2:$B$1003, 'Cost Data Sheet'!$C$2:$C$1003, 'Cost Data Sheet'!$D$2:$D$1003, 'Cost Data Sheet'!$E$2:$E$1003 ) ), 0 ) ) + IF( COUNTIFS( 'Service to CPT Map'!$A$2:$A$1017,$A4, 'Service to CPT Map'!$B$2:$B$1017,"High", 'Service to CPT Map'!$D$2:$D$1017,"Anesthesia" )>0, SUMPRODUCT( ('Service to CPT Map'!$A$2:$A$1017=$A4)* ('Service to CPT Map'!$B$2:$B$1017="High")* ('Service to CPT Map'!$D$2:$D$1017="Anesthesia")* IFERROR( _xlfn.XLOOKUP( 'Service to CPT Map'!$C$2:$C$1017, 'Cost Data Sheet'!$A$2:$A$1003, CHOOSE( MATCH('Master Data'!$B$19, {"Los Angeles","San Diego","San Francisco","Palo Alto"},0), 'Cost Data Sheet'!$B$2:$B$1003, 'Cost Data Sheet'!$C$2:$C$1003, 'Cost Data Sheet'!$D$2:$D$1003, 'Cost Data Sheet'!$E$2:$E$1003 ) ), 0 ) ), SUMPRODUCT( ('Service to CPT Map'!$A$2:$A$1017=$A4)* ('Service to CPT Map'!$B$2:$B$1017="High")* ('Service to CPT Map'!$D$2:$D$1017="Medical - Sedation")* IFERROR( _xlfn.XLOOKUP( 'Service to CPT Map'!$C$2:$C$1017, 'Cost Data Sheet'!$A$2:$A$1003, CHOOSE( MATCH('Master Data'!$B$19, {"Los Angeles","San Diego","San Francisco","Palo Alto"},0), 'Cost Data Sheet'!$B$2:$B$1003, 'Cost Data Sheet'!$C$2:$C$1003, 'Cost Data Sheet'!$D$2:$D$1003, 'Cost Data Sheet'!$E$2:$E$1003 ) ), 0 ) ) ) + MAX( SUMPRODUCT( ('Service to CPT Map'!$A$2:$A$1017=$A4)* ('Service to CPT Map'!$B$2:$B$1017="High")* ('Service to CPT Map'!$D$2:$D$1017="ASC")* IFERROR( _xlfn.XLOOKUP( 'Service to CPT Map'!$C$2:$C$1017, 'Cost Data Sheet'!$A$2:$A$1003, CHOOSE( MATCH('Master Data'!$B$19, {"Los Angeles","San Diego","San Francisco","Palo Alto"},0), 'Cost Data Sheet'!$B$2:$B$1003, 'Cost Data Sheet'!$C$2:$C$1003, 'Cost Data Sheet'!$D$2:$D$1003, 'Cost Data Sheet'!$E$2:$E$1003 ) ), 0 ) ), SUMPRODUCT( ('Service to CPT Map'!$A$2:$A$1017=$A4)* ('Service to CPT Map'!$B$2:$B$1017="High")* ('Service to CPT Map'!$D$2:$D$1017="Outpatient")* IFERROR( _xlfn.XLOOKUP( 'Service to CPT Map'!$C$2:$C$1017, 'Cost Data Sheet'!$A$2:$A$1003, CHOOSE( MATCH('Master Data'!$B$19, {"Los Angeles","San Diego","San Francisco","Palo Alto"},0), 'Cost Data Sheet'!$B$2:$B$1003, 'Cost Data Sheet'!$C$2:$C$1003, 'Cost Data Sheet'!$D$2:$D$1003, 'Cost Data Sheet'!$E$2:$E$1003 ) ), 0 ) ) ) )} -> 22139 | G4: =IF(E4<F4,CONCATENATE(TEXT(E4,"$#,##0.00"),CHAR(10)," - ",CHAR(10),TEXT(F4,"$#,##0.00")),TEXT(E4,"$#,##0.00")) -> $16,863.00 - $22,139.00 | H4: 5 | L4: =IF(LEN(K4)=0,IF(LEN(J4)=0,"lifetime",IF(J4=1,"year","years")),"years") -> lifetime | M4: =IF(L4="lifetime", IF(I4<>"", H4 & "-" & I4 & "x/lifetime", H4 & "x/lifetime"), IF(D4='Master Data'!$B$8, AD4 & AE4, AD4 & AE4 & AC4)) -> 5x/lifetime | N4: =ROUND(IF(OR(EXACT(TimeValue,"years"),EXACT(TimeValue,"year")),IF(OR(MinTimePeriod>0,MaxTimePeriod>0),MinFreq*MinCost/(IF(MaxTimePeriod>0,MaxTimePeriod,MinTimePeriod)),0),IF(EXACT(TimeValue,"lifetime"),0,IF(OR(EXACT(TimeValue,"month"),EXACT(TimeValue,"months")),IF(OR(MinTimePeriod>0,MaxTimePeriod>0),MinFreq*MinCost/(IF(MaxTimePeriod>0,MaxTimePeriod/12,MinTimePeriod/12)),0),IF(OR(EXACT(TimeValue,"week"),EXACT(TimeValue,"weeks")),IF(OR(MinTimePeriod>0,MaxTimePeriod>0),MinFreq*MinCost/(IF(MaxTimePeriod>0,MaxTimePeriod/52,MinTimePeriod/52)),0),IF(OR(EXACT(TimeValue,"day"),EXACT(TimeValue,"days")),IF(OR(MinTimePeriod>0,MaxTimePeriod>0),MinFreq*MinCost/(IF(MaxTimePeriod>0,MaxTimePeriod/365,MinTimePeriod/365))),"invalidinput"))))),2) -> 0 | O4: =ROUND(IF(TimeValue="lifetime",0,IF(OR(EXACT(TimeValue,"years"),EXACT(TimeValue,"year")),IF(OR(MinTimePeriod>0,MaxTimePeriod>0),(IF(MaxFreq>0,MaxFreq,MinFreq))*MaxCost/MinTimePeriod),IF(OR(EXACT(TimeValue,"month"),EXACT(TimeValue,"months")),IF(OR(MinTimePeriod>0,MaxTimePeriod>0),(IF(MaxFreq>0,MaxFreq,MinFreq))*MaxCost/(MinTimePeriod/12),0),IF(OR(EXACT(TimeValue,"week"),EXACT(TimeValue,"weeks")),IF(OR(MinTimePeriod>0,MaxTimePeriod>0),IF(MaxFreq>0,MaxFreq,MinFreq))*MaxCost/(MinTimePeriod/52),IF(OR(EXACT(TimeValue,"day"),EXACT(TimeValue,"days")),IF(OR(MinTimePeriod>0,MaxTimePeriod>0),IF(MaxFreq>0,MaxFreq,MinFreq))*MaxCost/(MinTimePeriod/365),"invalidinput"))))),2) -> 0 | P4: =IF(N4<O4,CONCATENATE(TEXT(N4,"$#,###.00"),CHAR(10)," - ",CHAR(10),TEXT(O4,"$#,####.00")),TEXT(N4,"$0.00")) -> $0.00 | Q4: =ROUND(IF(TimeValue="lifetime",MinCost*MinFreq,0),2) -> 84315 | R4: =ROUND(IF(AND(TimeValue="lifetime",MaxFreq<1),MinFreq*MaxCost,IF(AND(TimeValue="lifetime",MaxFreq>=1),MaxFreq*MaxCost,0)),2) -> 110695 | S4: =IF(Q4<R4,CONCATENATE(TEXT(Q4,"$#,##0.00"),CHAR(10)," - ",CHAR(10),TEXT(R4,"$#,##0.00")),TEXT(Q4,"$#,##0.00")) -> $84,315.00 - $110,695.00 | AA4: =IF(L4="lifetime", "one-time cost", IF(D4='Master Data'!$B$8, AD4 & AE4, AD4 & AE4 & AC4)) -> one-time cost | AB4: =IF(L4="lifetime", IF(I4<>"", H4 & "-" & I4 & "x/lifetime", H4 & "x/lifetime"), "ongoing cost") -> 5x/lifetime | AC4: =IF(Table14[[#This Row],[Duration (Years):]]<>'Master Data'!$B$8,CONCATENATE(",",CHAR(10),"for ",Table14[[#This Row],[Duration (Years):]]," years"),"lifelong") -> lifelong | AD4: =IF(L4="lifetime", "one-time cost", IF(I4<>"", H4 & "-" & I4 & "x/", H4 & "x/")) -> one-time cost | AE4: =IF(L4="lifetime", "one-time cost", IF(K4<>"", J4 & "-" & K4 & " " & L4, IF(J4>1, J4 & " " & L4, L4))) -> one-time cost
A5: Mohs Procedure | B5: ='Master Data'!$B$6 -> 126.3 | C5: ='Master Data'!$B$7 -> 136.3 | D5: =ROUND(C5-B5,1) -> 10 | E5: {=IF( $A5="Single Lung Transplant", _xlfn.XLOOKUP(1,'Cost Data Sheet'!$A$2:$A$1003,'Cost Data Sheet'!$F$2:$F$1003), IF( $A5="Double Lung Transplant", _xlfn.XLOOKUP(2,'Cost Data Sheet'!$A$2:$A$1003,'Cost Data Sheet'!$F$2:$F$1003), SUMPRODUCT( ('Service to CPT Map'!$A$2:$A$1017=$A5)* ('Service to CPT Map'!$B$2:$B$1017="Low")* ('Service to CPT Map'!$D$2:$D$1017="Medical")* IFERROR( _xlfn.XLOOKUP( 'Service to CPT Map'!$C$2:$C$1017, 'Cost Data Sheet'!$A$2:$A$1003, CHOOSE( MATCH('Master Data'!$B$19, {"Los Angeles","San Diego","San Francisco","Palo Alto"},0), 'Cost Data Sheet'!$B$2:$B$1003, 'Cost Data Sheet'!$C$2:$C$1003, 'Cost Data Sheet'!$D$2:$D$1003, 'Cost Data Sheet'!$E$2:$E$1003 ) ), 0 ) ) + IF( COUNTIFS( 'Service to CPT Map'!$A$2:$A$1017,$A5, 'Service to CPT Map'!$B$2:$B$1017,"Low", 'Service to CPT Map'!$D$2:$D$1017,"Anesthesia" )>0, SUMPRODUCT( ('Service to CPT Map'!$A$2:$A$1017=$A5)* ('Service to CPT Map'!$B$2:$B$1017="Low")* ('Service to CPT Map'!$D$2:$D$1017="Anesthesia")* IFERROR( _xlfn.XLOOKUP( 'Service to CPT Map'!$C$2:$C$1017, 'Cost Data Sheet'!$A$2:$A$1003, CHOOSE( MATCH('Master Data'!$B$19, {"Los Angeles","San Diego","San Francisco","Palo Alto"},0), 'Cost Data Sheet'!$B$2:$B$1003, 'Cost Data Sheet'!$C$2:$C$1003, 'Cost Data Sheet'!$D$2:$D$1003, 'Cost Data Sheet'!$E$2:$E$1003 ) ), 0 ) ), SUMPRODUCT( ('Service to CPT Map'!$A$2:$A$1017=$A5)* ('Service to CPT Map'!$B$2:$B$1017="Low")* ('Service to CPT Map'!$D$2:$D$1017="Medical - Sedation")* IFERROR( _xlfn.XLOOKUP( 'Service to CPT Map'!$C$2:$C$1017, 'Cost Data Sheet'!$A$2:$A$1003, CHOOSE( MATCH('Master Data'!$B$19, {"Los Angeles","San Diego","San Francisco","Palo Alto"},0), 'Cost Data Sheet'!$B$2:$B$1003, 'Cost Data Sheet'!$C$2:$C$1003, 'Cost Data Sheet'!$D$2:$D$1003, 'Cost Data Sheet'!$E$2:$E$1003 ) ), 0 ) ) ) + MIN( SUMPRODUCT( ('Service to CPT Map'!$A$2:$A$1017=$A5)* ('Service to CPT Map'!$B$2:$B$1017="Low")* ('Service to CPT Map'!$D$2:$D$1017="ASC")* IFERROR( _xlfn.XLOOKUP( 'Service to CPT Map'!$C$2:$C$1017, 'Cost Data Sheet'!$A$2:$A$1003, CHOOSE( MATCH('Master Data'!$B$19, {"Los Angeles","San Diego","San Francisco","Palo Alto"},0), 'Cost Data Sheet'!$B$2:$B$1003, 'Cost Data Sheet'!$C$2:$C$1003, 'Cost Data Sheet'!$D$2:$D$1003, 'Cost Data Sheet'!$E$2:$E$1003 ) ), 0 ) ), SUMPRODUCT( ('Service to CPT Map'!$A$2:$A$1017=$A5)* ('Service to CPT Map'!$B$2:$B$1017="Low")* ('Service to CPT Map'!$D$2:$D$1017="Outpatient")* IFERROR( _xlfn.XLOOKUP( 'Service to CPT Map'!$C$2:$C$1017, 'Cost Data Sheet'!$A$2:$A$1003, CHOOSE( MATCH('Master Data'!$B$19, {"Los Angeles","San Diego","San Francisco","Palo Alto"},0), 'Cost Data Sheet'!$B$2:$B$1003, 'Cost Data Sheet'!$C$2:$C$1003, 'Cost Data Sheet'!$D$2:$D$1003, 'Cost Data Sheet'!$E$2:$E$1003 ) ), 0 ) ) ) ) )} -> 4253 | F5: {=IF( OR($A5="Single Lung Transplant",$A5="Double Lung Transplant"), E5, SUMPRODUCT( ('Service to CPT Map'!$A$2:$A$1017=$A5)* ('Service to CPT Map'!$B$2:$B$1017="High")* ('Service to CPT Map'!$D$2:$D$1017="Medical")* IFERROR( _xlfn.XLOOKUP( 'Service to CPT Map'!$C$2:$C$1017, 'Cost Data Sheet'!$A$2:$A$1003, CHOOSE( MATCH('Master Data'!$B$19, {"Los Angeles","San Diego","San Francisco","Palo Alto"},0), 'Cost Data Sheet'!$B$2:$B$1003, 'Cost Data Sheet'!$C$2:$C$1003, 'Cost Data Sheet'!$D$2:$D$1003, 'Cost Data Sheet'!$E$2:$E$1003 ) ), 0 ) ) + IF( COUNTIFS( 'Service to CPT Map'!$A$2:$A$1017,$A5, 'Service to CPT Map'!$B$2:$B$1017,"High", 'Service to CPT Map'!$D$2:$D$1017,"Anesthesia" )>0, SUMPRODUCT( ('Service to CPT Map'!$A$2:$A$1017=$A5)* ('Service to CPT Map'!$B$2:$B$1017="High")* ('Service to CPT Map'!$D$2:$D$1017="Anesthesia")* IFERROR( _xlfn.XLOOKUP( 'Service to CPT Map'!$C$2:$C$1017, 'Cost Data Sheet'!$A$2:$A$1003, CHOOSE( MATCH('Master Data'!$B$19, {"Los Angeles","San Diego","San Francisco","Palo Alto"},0), 'Cost Data Sheet'!$B$2:$B$1003, 'Cost Data Sheet'!$C$2:$C$1003, 'Cost Data Sheet'!$D$2:$D$1003, 'Cost Data Sheet'!$E$2:$E$1003 ) ), 0 ) ), SUMPRODUCT( ('Service to CPT Map'!$A$2:$A$1017=$A5)* ('Service to CPT Map'!$B$2:$B$1017="High")* ('Service to CPT Map'!$D$2:$D$1017="Medical - Sedation")* IFERROR( _xlfn.XLOOKUP( 'Service to CPT Map'!$C$2:$C$1017, 'Cost Data Sheet'!$A$2:$A$1003, CHOOSE( MATCH('Master Data'!$B$19, {"Los Angeles","San Diego","San Francisco","Palo Alto"},0), 'Cost Data Sheet'!$B$2:$B$1003, 'Cost Data Sheet'!$C$2:$C$1003, 'Cost Data Sheet'!$D$2:$D$1003, 'Cost Data Sheet'!$E$2:$E$1003 ) ), 0 ) ) ) + MAX( SUMPRODUCT( ('Service to CPT Map'!$A$2:$A$1017=$A5)* ('Service to CPT Map'!$B$2:$B$1017="High")* ('Service to CPT Map'!$D$2:$D$1017="ASC")* IFERROR( _xlfn.XLOOKUP( 'Service to CPT Map'!$C$2:$C$1017, 'Cost Data Sheet'!$A$2:$A$1003, CHOOSE( MATCH('Master Data'!$B$19, {"Los Angeles","San Diego","San Francisco","Palo Alto"},0), 'Cost Data Sheet'!$B$2:$B$1003, 'Cost Data Sheet'!$C$2:$C$1003, 'Cost Data Sheet'!$D$2:$D$1003, 'Cost Data Sheet'!$E$2:$E$1003 ) ), 0 ) ), SUMPRODUCT( ('Service to CPT Map'!$A$2:$A$1017=$A5)* ('Service to CPT Map'!$B$2:$B$1017="High")* ('Service to CPT Map'!$D$2:$D$1017="Outpatient")* IFERROR( _xlfn.XLOOKUP( 'Service to CPT Map'!$C$2:$C$1017, 'Cost Data Sheet'!$A$2:$A$1003, CHOOSE( MATCH('Master Data'!$B$19, {"Los Angeles","San Diego","San Francisco","Palo Alto"},0), 'Cost Data Sheet'!$B$2:$B$1003, 'Cost Data Sheet'!$C$2:$C$1003, 'Cost Data Sheet'!$D$2:$D$1003, 'Cost Data Sheet'!$E$2:$E$1003 ) ), 0 ) ) ) )} -> 8085 | G5: =IF(E5<F5,CONCATENATE(TEXT(E5,"$#,##0.00"),CHAR(10)," - ",CHAR(10),TEXT(F5,"$#,##0.00")),TEXT(E5,"$#,##0.00")) -> $4,253.00 - $8,085.00 | H5: 1 | I5: 2 | L5: =IF(LEN(K5)=0,IF(LEN(J5)=0,"lifetime",IF(J5=1,"year","years")),"years") -> lifetime | M5: =IF(L5="lifetime", IF(I5<>"", H5 & "-" & I5 & "x/lifetime", H5 & "x/lifetime"), IF(D5='Master Data'!$B$8, AD5 & AE5, AD5 & AE5 & AC5)) -> 1-2x/lifetime | N5: =ROUND(IF(OR(EXACT(TimeValue,"years"),EXACT(TimeValue,"year")),IF(OR(MinTimePeriod>0,MaxTimePeriod>0),MinFreq*MinCost/(IF(MaxTimePeriod>0,MaxTimePeriod,MinTimePeriod)),0),IF(EXACT(TimeValue,"lifetime"),0,IF(OR(EXACT(TimeValue,"month"),EXACT(TimeValue,"months")),IF(OR(MinTimePeriod>0,MaxTimePeriod>0),MinFreq*MinCost/(IF(MaxTimePeriod>0,MaxTimePeriod/12,MinTimePeriod/12)),0),IF(OR(EXACT(TimeValue,"week"),EXACT(TimeValue,"weeks")),IF(OR(MinTimePeriod>0,MaxTimePeriod>0),MinFreq*MinCost/(IF(MaxTimePeriod>0,MaxTimePeriod/52,MinTimePeriod/52)),0),IF(OR(EXACT(TimeValue,"day"),EXACT(TimeValue,"days")),IF(OR(MinTimePeriod>0,MaxTimePeriod>0),MinFreq*MinCost/(IF(MaxTimePeriod>0,MaxTimePeriod/365,MinTimePeriod/365))),"invalidinput"))))),2) -> 0 | O5: =ROUND(IF(TimeValue="lifetime",0,IF(OR(EXACT(TimeValue,"years"),EXACT(TimeValue,"year")),IF(OR(MinTimePeriod>0,MaxTimePeriod>0),(IF(MaxFreq>0,MaxFreq,MinFreq))*MaxCost/MinTimePeriod),IF(OR(EXACT(TimeValue,"month"),EXACT(TimeValue,"months")),IF(OR(MinTimePeriod>0,MaxTimePeriod>0),(IF(MaxFreq>0,MaxFreq,MinFreq))*MaxCost/(MinTimePeriod/12),0),IF(OR(EXACT(TimeValue,"week"),EXACT(TimeValue,"weeks")),IF(OR(MinTimePeriod>0,MaxTimePeriod>0),IF(MaxFreq>0,MaxFreq,MinFreq))*MaxCost/(MinTimePeriod/52),IF(OR(EXACT(TimeValue,"day"),EXACT(TimeValue,"days")),IF(OR(MinTimePeriod>0,MaxTimePeriod>0),IF(MaxFreq>0,MaxFreq,MinFreq))*MaxCost/(MinTimePeriod/365),"invalidinput"))))),2) -> 0 | P5: =IF(N5<O5,CONCATENATE(TEXT(N5,"$#,###.00"),CHAR(10)," - ",CHAR(10),TEXT(O5,"$#,####.00")),TEXT(N5,"$0.00")) -> $0.00 | Q5: =ROUND(IF(TimeValue="lifetime",MinCost*MinFreq,0),2) -> 4253 | R5: =ROUND(IF(AND(TimeValue="lifetime",MaxFreq<1),MinFreq*MaxCost,IF(AND(TimeValue="lifetime",MaxFreq>=1),MaxFreq*MaxCost,0)),2) -> 16170 | S5: =IF(Q5<R5,CONCATENATE(TEXT(Q5,"$#,##0.00"),CHAR(10)," - ",CHAR(10),TEXT(R5,"$#,##0.00")),TEXT(Q5,"$#,##0.00")) -> $4,253.00 - $16,170.00 | AA5: =IF(L5="lifetime", "one-time cost", IF(D5='Master Data'!$B$8, AD5 & AE5, AD5 & AE5 & AC5)) -> one-time cost | AB5: =IF(L5="lifetime", IF(I5<>"", H5 & "-" & I5 & "x/lifetime", H5 & "x/lifetime"), "ongoing cost") -> 1-2x/lifetime | AC5: =IF(Table14[[#This Row],[Duration (Years):]]<>'Master Data'!$B$8,CONCATENATE(",",CHAR(10),"for ",Table14[[#This Row],[Duration (Years):]]," years"),"lifelong") -> lifelong | AD5: =IF(L5="lifetime", "one-time cost", IF(I5<>"", H5 & "-" & I5 & "x/", H5 & "x/")) -> one-time cost | AE5: =IF(L5="lifetime", "one-time cost", IF(K5<>"", J5 & "-" & K5 & " " & L5, IF(J5>1, J5 & " " & L5, L5))) -> one-time cost
B6: ='Master Data'!$B$6 -> 126.3 | C6: ='Master Data'!$B$7 -> 136.3 | D6: =ROUND(C6-B6,1) -> 10 | E6: {=IF( $A6="Single Lung Transplant", _xlfn.XLOOKUP(1,'Cost Data Sheet'!$A$2:$A$1003,'Cost Data Sheet'!$F$2:$F$1003), IF( $A6="Double Lung Transplant", _xlfn.XLOOKUP(2,'Cost Data Sheet'!$A$2:$A$1003,'Cost Data Sheet'!$F$2:$F$1003), SUMPRODUCT( ('Service to CPT Map'!$A$2:$A$1017=$A6)* ('Service to CPT Map'!$B$2:$B$1017="Low")* ('Service to CPT Map'!$D$2:$D$1017="Medical")* IFERROR( _xlfn.XLOOKUP( 'Service to CPT Map'!$C$2:$C$1017, 'Cost Data Sheet'!$A$2:$A$1003, CHOOSE( MATCH('Master Data'!$B$19, {"Los Angeles","San Diego","San Francisco","Palo Alto"},0), 'Cost Data Sheet'!$B$2:$B$1003, 'Cost Data Sheet'!$C$2:$C$1003, 'Cost Data Sheet'!$D$2:$D$1003, 'Cost Data Sheet'!$E$2:$E$1003 ) ), 0 ) ) + IF( COUNTIFS( 'Service to CPT Map'!$A$2:$A$1017,$A6, 'Service to CPT Map'!$B$2:$B$1017,"Low", 'Service to CPT Map'!$D$2:$D$1017,"Anesthesia" )>0, SUMPRODUCT( ('Service to CPT Map'!$A$2:$A$1017=$A6)* ('Service to CPT Map'!$B$2:$B$1017="Low")* ('Service to CPT Map'!$D$2:$D$1017="Anesthesia")* IFERROR( _xlfn.XLOOKUP( 'Service to CPT Map'!$C$2:$C$1017, 'Cost Data Sheet'!$A$2:$A$1003, CHOOSE( MATCH('Master Data'!$B$19, {"Los Angeles","San Diego","San Francisco","Palo Alto"},0), 'Cost Data Sheet'!$B$2:$B$1003, 'Cost Data Sheet'!$C$2:$C$1003, 'Cost Data Sheet'!$D$2:$D$1003, 'Cost Data Sheet'!$E$2:$E$1003 ) ), 0 ) ), SUMPRODUCT( ('Service to CPT Map'!$A$2:$A$1017=$A6)* ('Service to CPT Map'!$B$2:$B$1017="Low")* ('Service to CPT Map'!$D$2:$D$1017="Medical - Sedation")* IFERROR( _xlfn.XLOOKUP( 'Service to CPT Map'!$C$2:$C$1017, 'Cost Data Sheet'!$A$2:$A$1003, CHOOSE( MATCH('Master Data'!$B$19, {"Los Angeles","San Diego","San Francisco","Palo Alto"},0), 'Cost Data Sheet'!$B$2:$B$1003, 'Cost Data Sheet'!$C$2:$C$1003, 'Cost Data Sheet'!$D$2:$D$1003, 'Cost Data Sheet'!$E$2:$E$1003 ) ), 0 ) ) ) + MIN( SUMPRODUCT( ('Service to CPT Map'!$A$2:$A$1017=$A6)* ('Service to CPT Map'!$B$2:$B$1017="Low")* ('Service to CPT Map'!$D$2:$D$1017="ASC")* IFERROR( _xlfn.XLOOKUP( 'Service to CPT Map'!$C$2:$C$1017, 'Cost Data Sheet'!$A$2:$A$1003, CHOOSE( MATCH('Master Data'!$B$19, {"Los Angeles","San Diego","San Francisco","Palo Alto"},0), 'Cost Data Sheet'!$B$2:$B$1003, 'Cost Data Sheet'!$C$2:$C$1003, 'Cost Data Sheet'!$D$2:$D$1003, 'Cost Data Sheet'!$E$2:$E$1003 ) ), 0 ) ), SUMPRODUCT( ('Service to CPT Map'!$A$2:$A$1017=$A6)* ('Service to CPT Map'!$B$2:$B$1017="Low")* ('Service to CPT Map'!$D$2:$D$1017="Outpatient")* IFERROR( _xlfn.XLOOKUP( 'Service to CPT Map'!$C$2:$C$1017, 'Cost Data Sheet'!$A$2:$A$1003, CHOOSE( MATCH('Master Data'!$B$19, {"Los Angeles","San Diego","San Francisco","Palo Alto"},0), 'Cost Data Sheet'!$B$2:$B$1003, 'Cost Data Sheet'!$C$2:$C$1003, 'Cost Data Sheet'!$D$2:$D$1003, 'Cost Data Sheet'!$E$2:$E$1003 ) ), 0 ) ) ) ) )} -> 0 | F6: {=IF( OR($A6="Single Lung Transplant",$A6="Double Lung Transplant"), E6, SUMPRODUCT( ('Service to CPT Map'!$A$2:$A$1017=$A6)* ('Service to CPT Map'!$B$2:$B$1017="High")* ('Service to CPT Map'!$D$2:$D$1017="Medical")* IFERROR( _xlfn.XLOOKUP( 'Service to CPT Map'!$C$2:$C$1017, 'Cost Data Sheet'!$A$2:$A$1003, CHOOSE( MATCH('Master Data'!$B$19, {"Los Angeles","San Diego","San Francisco","Palo Alto"},0), 'Cost Data Sheet'!$B$2:$B$1003, 'Cost Data Sheet'!$C$2:$C$1003, 'Cost Data Sheet'!$D$2:$D$1003, 'Cost Data Sheet'!$E$2:$E$1003 ) ), 0 ) ) + IF( COUNTIFS( 'Service to CPT Map'!$A$2:$A$1017,$A6, 'Service to CPT Map'!$B$2:$B$1017,"High", 'Service to CPT Map'!$D$2:$D$1017,"Anesthesia" )>0, SUMPRODUCT( ('Service to CPT Map'!$A$2:$A$1017=$A6)* ('Service to CPT Map'!$B$2:$B$1017="High")* ('Service to CPT Map'!$D$2:$D$1017="Anesthesia")* IFERROR( _xlfn.XLOOKUP( 'Service to CPT Map'!$C$2:$C$1017, 'Cost Data Sheet'!$A$2:$A$1003, CHOOSE( MATCH('Master Data'!$B$19, {"Los Angeles","San Diego","San Francisco","Palo Alto"},0), 'Cost Data Sheet'!$B$2:$B$1003, 'Cost Data Sheet'!$C$2:$C$1003, 'Cost Data Sheet'!$D$2:$D$1003, 'Cost Data Sheet'!$E$2:$E$1003 ) ), 0 ) ), SUMPRODUCT( ('Service to CPT Map'!$A$2:$A$1017=$A6)* ('Service to CPT Map'!$B$2:$B$1017="High")* ('Service to CPT Map'!$D$2:$D$1017="Medical - Sedation")* IFERROR( _xlfn.XLOOKUP( 'Service to CPT Map'!$C$2:$C$1017, 'Cost Data Sheet'!$A$2:$A$1003, CHOOSE( MATCH('Master Data'!$B$19, {"Los Angeles","San Diego","San Francisco","Palo Alto"},0), 'Cost Data Sheet'!$B$2:$B$1003, 'Cost Data Sheet'!$C$2:$C$1003, 'Cost Data Sheet'!$D$2:$D$1003, 'Cost Data Sheet'!$E$2:$E$1003 ) ), 0 ) ) ) + MAX( SUMPRODUCT( ('Service to CPT Map'!$A$2:$A$1017=$A6)* ('Service to CPT Map'!$B$2:$B$1017="High")* ('Service to CPT Map'!$D$2:$D$1017="ASC")* IFERROR( _xlfn.XLOOKUP( 'Service to CPT Map'!$C$2:$C$1017, 'Cost Data Sheet'!$A$2:$A$1003, CHOOSE( MATCH('Master Data'!$B$19, {"Los Angeles","San Diego","San Francisco","Palo Alto"},0), 'Cost Data Sheet'!$B$2:$B$1003, 'Cost Data Sheet'!$C$2:$C$1003, 'Cost Data Sheet'!$D$2:$D$1003, 'Cost Data Sheet'!$E$2:$E$1003 ) ), 0 ) ), SUMPRODUCT( ('Service to CPT Map'!$A$2:$A$1017=$A6)* ('Service to CPT Map'!$B$2:$B$1017="High")* ('Service to CPT Map'!$D$2:$D$1017="Outpatient")* IFERROR( _xlfn.XLOOKUP( 'Service to CPT Map'!$C$2:$C$1017, 'Cost Data Sheet'!$A$2:$A$1003, CHOOSE( MATCH('Master Data'!$B$19, {"Los Angeles","San Diego","San Francisco","Palo Alto"},0), 'Cost Data Sheet'!$B$2:$B$1003, 'Cost Data Sheet'!$C$2:$C$1003, 'Cost Data Sheet'!$D$2:$D$1003, 'Cost Data Sheet'!$E$2:$E$1003 ) ), 0 ) ) ) )} -> 0 | G6: =IF(E6<F6,CONCATENATE(TEXT(E6,"$#,##0.00"),CHAR(10)," - ",CHAR(10),TEXT(F6,"$#,##0.00")),TEXT(E6,"$#,##0.00")) -> $0.00 | L6: =IF(LEN(K6)=0,IF(LEN(J6)=0,"lifetime",IF(J6=1,"year","years")),"years") -> lifetime | M6: =IF(L6="lifetime", IF(I6<>"", H6 & "-" & I6 & "x/lifetime", H6 & "x/lifetime"), IF(D6='Master Data'!$B$8, AD6 & AE6, AD6 & AE6 & AC6)) -> x/lifetime | N6: =ROUND(IF(OR(EXACT(TimeValue,"years"),EXACT(TimeValue,"year")),IF(OR(MinTimePeriod>0,MaxTimePeriod>0),MinFreq*MinCost/(IF(MaxTimePeriod>0,MaxTimePeriod,MinTimePeriod)),0),IF(EXACT(TimeValue,"lifetime"),0,IF(OR(EXACT(TimeValue,"month"),EXACT(TimeValue,"months")),IF(OR(MinTimePeriod>0,MaxTimePeriod>0),MinFreq*MinCost/(IF(MaxTimePeriod>0,MaxTimePeriod/12,MinTimePeriod/12)),0),IF(OR(EXACT(TimeValue,"week"),EXACT(TimeValue,"weeks")),IF(OR(MinTimePeriod>0,MaxTimePeriod>0),MinFreq*MinCost/(IF(MaxTimePeriod>0,MaxTimePeriod/52,MinTimePeriod/52)),0),IF(OR(EXACT(TimeValue,"day"),EXACT(TimeValue,"days")),IF(OR(MinTimePeriod>0,MaxTimePeriod>0),MinFreq*MinCost/(IF(MaxTimePeriod>0,MaxTimePeriod/365,MinTimePeriod/365))),"invalidinput"))))),2) -> 0 | O6: =ROUND(IF(TimeValue="lifetime",0,IF(OR(EXACT(TimeValue,"years"),EXACT(TimeValue,"year")),IF(OR(MinTimePeriod>0,MaxTimePeriod>0),(IF(MaxFreq>0,MaxFreq,MinFreq))*MaxCost/MinTimePeriod),IF(OR(EXACT(TimeValue,"month"),EXACT(TimeValue,"months")),IF(OR(MinTimePeriod>0,MaxTimePeriod>0),(IF(MaxFreq>0,MaxFreq,MinFreq))*MaxCost/(MinTimePeriod/12),0),IF(OR(EXACT(TimeValue,"week"),EXACT(TimeValue,"weeks")),IF(OR(MinTimePeriod>0,MaxTimePeriod>0),IF(MaxFreq>0,MaxFreq,MinFreq))*MaxCost/(MinTimePeriod/52),IF(OR(EXACT(TimeValue,"day"),EXACT(TimeValue,"days")),IF(OR(MinTimePeriod>0,MaxTimePeriod>0),IF(MaxFreq>0,MaxFreq,MinFreq))*MaxCost/(MinTimePeriod/365),"invalidinput"))))),2) -> 0 | P6: =IF(N6<O6,CONCATENATE(TEXT(N6,"$#,###.00"),CHAR(10)," - ",CHAR(10),TEXT(O6,"$#,####.00")),TEXT(N6,"$0.00")) -> $0.00 | Q6: =ROUND(IF(TimeValue="lifetime",MinCost*MinFreq,0),2) -> 0 | R6: =ROUND(IF(AND(TimeValue="lifetime",MaxFreq<1),MinFreq*MaxCost,IF(AND(TimeValue="lifetime",MaxFreq>=1),MaxFreq*MaxCost,0)),2) -> 0 | S6: =IF(Q6<R6,CONCATENATE(TEXT(Q6,"$#,##0.00"),CHAR(10)," - ",CHAR(10),TEXT(R6,"$#,##0.00")),TEXT(Q6,"$#,##0.00")) -> $0.00 | AA6: =IF(L6="lifetime", "one-time cost", IF(D6='Master Data'!$B$8, AD6 & AE6, AD6 & AE6 & AC6)) -> one-time cost | AB6: =IF(L6="lifetime", IF(I6<>"", H6 & "-" & I6 & "x/lifetime", H6 & "x/lifetime"), "ongoing cost") -> x/lifetime | AC6: =IF(Table14[[#This Row],[Duration (Years):]]<>'Master Data'!$B$8,CONCATENATE(",",CHAR(10),"for ",Table14[[#This Row],[Duration (Years):]]," years"),"lifelong") -> lifelong | AD6: =IF(L6="lifetime", "one-time cost", IF(I6<>"", H6 & "-" & I6 & "x/", H6 & "x/")) -> one-time cost | AE6: =IF(L6="lifetime", "one-time cost", IF(K6<>"", J6 & "-" & K6 & " " & L6, IF(J6>1, J6 & " " & L6, L6))) -> one-time cost
B7: ='Master Data'!$B$6 -> 126.3 | C7: ='Master Data'!$B$7 -> 136.3 | D7: =ROUND(C7-B7,1) -> 10 | E7: {=IF( $A7="Single Lung Transplant", _xlfn.XLOOKUP(1,'Cost Data Sheet'!$A$2:$A$1003,'Cost Data Sheet'!$F$2:$F$1003), IF( $A7="Double Lung Transplant", _xlfn.XLOOKUP(2,'Cost Data Sheet'!$A$2:$A$1003,'Cost Data Sheet'!$F$2:$F$1003), SUMPRODUCT( ('Service to CPT Map'!$A$2:$A$1017=$A7)* ('Service to CPT Map'!$B$2:$B$1017="Low")* ('Service to CPT Map'!$D$2:$D$1017="Medical")* IFERROR( _xlfn.XLOOKUP( 'Service to CPT Map'!$C$2:$C$1017, 'Cost Data Sheet'!$A$2:$A$1003, CHOOSE( MATCH('Master Data'!$B$19, {"Los Angeles","San Diego","San Francisco","Palo Alto"},0), 'Cost Data Sheet'!$B$2:$B$1003, 'Cost Data Sheet'!$C$2:$C$1003, 'Cost Data Sheet'!$D$2:$D$1003, 'Cost Data Sheet'!$E$2:$E$1003 ) ), 0 ) ) + IF( COUNTIFS( 'Service to CPT Map'!$A$2:$A$1017,$A7, 'Service to CPT Map'!$B$2:$B$1017,"Low", 'Service to CPT Map'!$D$2:$D$1017,"Anesthesia" )>0, SUMPRODUCT( ('Service to CPT Map'!$A$2:$A$1017=$A7)* ('Service to CPT Map'!$B$2:$B$1017="Low")* ('Service to CPT Map'!$D$2:$D$1017="Anesthesia")* IFERROR( _xlfn.XLOOKUP( 'Service to CPT Map'!$C$2:$C$1017, 'Cost Data Sheet'!$A$2:$A$1003, CHOOSE( MATCH('Master Data'!$B$19, {"Los Angeles","San Diego","San Francisco","Palo Alto"},0), 'Cost Data Sheet'!$B$2:$B$1003, 'Cost Data Sheet'!$C$2:$C$1003, 'Cost Data Sheet'!$D$2:$D$1003, 'Cost Data Sheet'!$E$2:$E$1003 ) ), 0 ) ), SUMPRODUCT( ('Service to CPT Map'!$A$2:$A$1017=$A7)* ('Service to CPT Map'!$B$2:$B$1017="Low")* ('Service to CPT Map'!$D$2:$D$1017="Medical - Sedation")* IFERROR( _xlfn.XLOOKUP( 'Service to CPT Map'!$C$2:$C$1017, 'Cost Data Sheet'!$A$2:$A$1003, CHOOSE( MATCH('Master Data'!$B$19, {"Los Angeles","San Diego","San Francisco","Palo Alto"},0), 'Cost Data Sheet'!$B$2:$B$1003, 'Cost Data Sheet'!$C$2:$C$1003, 'Cost Data Sheet'!$D$2:$D$1003, 'Cost Data Sheet'!$E$2:$E$1003 ) ), 0 ) ) ) + MIN( SUMPRODUCT( ('Service to CPT Map'!$A$2:$A$1017=$A7)* ('Service to CPT Map'!$B$2:$B$1017="Low")* ('Service to CPT Map'!$D$2:$D$1017="ASC")* IFERROR( _xlfn.XLOOKUP( 'Service to CPT Map'!$C$2:$C$1017, 'Cost Data Sheet'!$A$2:$A$1003, CHOOSE( MATCH('Master Data'!$B$19, {"Los Angeles","San Diego","San Francisco","Palo Alto"},0), 'Cost Data Sheet'!$B$2:$B$1003, 'Cost Data Sheet'!$C$2:$C$1003, 'Cost Data Sheet'!$D$2:$D$1003, 'Cost Data Sheet'!$E$2:$E$1003 ) ), 0 ) ), SUMPRODUCT( ('Service to CPT Map'!$A$2:$A$1017=$A7)* ('Service to CPT Map'!$B$2:$B$1017="Low")* ('Service to CPT Map'!$D$2:$D$1017="Outpatient")* IFERROR( _xlfn.XLOOKUP( 'Service to CPT Map'!$C$2:$C$1017, 'Cost Data Sheet'!$A$2:$A$1003, CHOOSE( MATCH('Master Data'!$B$19, {"Los Angeles","San Diego","San Francisco","Palo Alto"},0), 'Cost Data Sheet'!$B$2:$B$1003, 'Cost Data Sheet'!$C$2:$C$1003, 'Cost Data Sheet'!$D$2:$D$1003, 'Cost Data Sheet'!$E$2:$E$1003 ) ), 0 ) ) ) ) )} -> 0 | F7: {=IF( OR($A7="Single Lung Transplant",$A7="Double Lung Transplant"), E7, SUMPRODUCT( ('Service to CPT Map'!$A$2:$A$1017=$A7)* ('Service to CPT Map'!$B$2:$B$1017="High")* ('Service to CPT Map'!$D$2:$D$1017="Medical")* IFERROR( _xlfn.XLOOKUP( 'Service to CPT Map'!$C$2:$C$1017, 'Cost Data Sheet'!$A$2:$A$1003, CHOOSE( MATCH('Master Data'!$B$19, {"Los Angeles","San Diego","San Francisco","Palo Alto"},0), 'Cost Data Sheet'!$B$2:$B$1003, 'Cost Data Sheet'!$C$2:$C$1003, 'Cost Data Sheet'!$D$2:$D$1003, 'Cost Data Sheet'!$E$2:$E$1003 ) ), 0 ) ) + IF( COUNTIFS( 'Service to CPT Map'!$A$2:$A$1017,$A7, 'Service to CPT Map'!$B$2:$B$1017,"High", 'Service to CPT Map'!$D$2:$D$1017,"Anesthesia" )>0, SUMPRODUCT( ('Service to CPT Map'!$A$2:$A$1017=$A7)* ('Service to CPT Map'!$B$2:$B$1017="High")* ('Service to CPT Map'!$D$2:$D$1017="Anesthesia")* IFERROR( _xlfn.XLOOKUP( 'Service to CPT Map'!$C$2:$C$1017, 'Cost Data Sheet'!$A$2:$A$1003, CHOOSE( MATCH('Master Data'!$B$19, {"Los Angeles","San Diego","San Francisco","Palo Alto"},0), 'Cost Data Sheet'!$B$2:$B$1003, 'Cost Data Sheet'!$C$2:$C$1003, 'Cost Data Sheet'!$D$2:$D$1003, 'Cost Data Sheet'!$E$2:$E$1003 ) ), 0 ) ), SUMPRODUCT( ('Service to CPT Map'!$A$2:$A$1017=$A7)* ('Service to CPT Map'!$B$2:$B$1017="High")* ('Service to CPT Map'!$D$2:$D$1017="Medical - Sedation")* IFERROR( _xlfn.XLOOKUP( 'Service to CPT Map'!$C$2:$C$1017, 'Cost Data Sheet'!$A$2:$A$1003, CHOOSE( MATCH('Master Data'!$B$19, {"Los Angeles","San Diego","San Francisco","Palo Alto"},0), 'Cost Data Sheet'!$B$2:$B$1003, 'Cost Data Sheet'!$C$2:$C$1003, 'Cost Data Sheet'!$D$2:$D$1003, 'Cost Data Sheet'!$E$2:$E$1003 ) ), 0 ) ) ) + MAX( SUMPRODUCT( ('Service to CPT Map'!$A$2:$A$1017=$A7)* ('Service to CPT Map'!$B$2:$B$1017="High")* ('Service to CPT Map'!$D$2:$D$1017="ASC")* IFERROR( _xlfn.XLOOKUP( 'Service to CPT Map'!$C$2:$C$1017, 'Cost Data Sheet'!$A$2:$A$1003, CHOOSE( MATCH('Master Data'!$B$19, {"Los Angeles","San Diego","San Francisco","Palo Alto"},0), 'Cost Data Sheet'!$B$2:$B$1003, 'Cost Data Sheet'!$C$2:$C$1003, 'Cost Data Sheet'!$D$2:$D$1003, 'Cost Data Sheet'!$E$2:$E$1003 ) ), 0 ) ), SUMPRODUCT( ('Service to CPT Map'!$A$2:$A$1017=$A7)* ('Service to CPT Map'!$B$2:$B$1017="High")* ('Service to CPT Map'!$D$2:$D$1017="Outpatient")* IFERROR( _xlfn.XLOOKUP( 'Service to CPT Map'!$C$2:$C$1017, 'Cost Data Sheet'!$A$2:$A$1003, CHOOSE( MATCH('Master Data'!$B$19, {"Los Angeles","San Diego","San Francisco","Palo Alto"},0), 'Cost Data Sheet'!$B$2:$B$1003, 'Cost Data Sheet'!$C$2:$C$1003, 'Cost Data Sheet'!$D$2:$D$1003, 'Cost Data Sheet'!$E$2:$E$1003 ) ), 0 ) ) ) )} -> 0 | G7: =IF(E7<F7,CONCATENATE(TEXT(E7,"$#,##0.00"),CHAR(10)," - ",CHAR(10),TEXT(F7,"$#,##0.00")),TEXT(E7,"$#,##0.00")) -> $0.00 | L7: =IF(LEN(K7)=0,IF(LEN(J7)=0,"lifetime",IF(J7=1,"year","years")),"years") -> lifetime | M7: =IF(L7="lifetime", IF(I7<>"", H7 & "-" & I7 & "x/lifetime", H7 & "x/lifetime"), IF(D7='Master Data'!$B$8, AD7 & AE7, AD7 & AE7 & AC7)) -> x/lifetime | N7: =ROUND(IF(OR(EXACT(TimeValue,"years"),EXACT(TimeValue,"year")),IF(OR(MinTimePeriod>0,MaxTimePeriod>0),MinFreq*MinCost/(IF(MaxTimePeriod>0,MaxTimePeriod,MinTimePeriod)),0),IF(EXACT(TimeValue,"lifetime"),0,IF(OR(EXACT(TimeValue,"month"),EXACT(TimeValue,"months")),IF(OR(MinTimePeriod>0,MaxTimePeriod>0),MinFreq*MinCost/(IF(MaxTimePeriod>0,MaxTimePeriod/12,MinTimePeriod/12)),0),IF(OR(EXACT(TimeValue,"week"),EXACT(TimeValue,"weeks")),IF(OR(MinTimePeriod>0,MaxTimePeriod>0),MinFreq*MinCost/(IF(MaxTimePeriod>0,MaxTimePeriod/52,MinTimePeriod/52)),0),IF(OR(EXACT(TimeValue,"day"),EXACT(TimeValue,"days")),IF(OR(MinTimePeriod>0,MaxTimePeriod>0),MinFreq*MinCost/(IF(MaxTimePeriod>0,MaxTimePeriod/365,MinTimePeriod/365))),"invalidinput"))))),2) -> 0 | O7: =ROUND(IF(TimeValue="lifetime",0,IF(OR(EXACT(TimeValue,"years"),EXACT(TimeValue,"year")),IF(OR(MinTimePeriod>0,MaxTimePeriod>0),(IF(MaxFreq>0,MaxFreq,MinFreq))*MaxCost/MinTimePeriod),IF(OR(EXACT(TimeValue,"month"),EXACT(TimeValue,"months")),IF(OR(MinTimePeriod>0,MaxTimePeriod>0),(IF(MaxFreq>0,MaxFreq,MinFreq))*MaxCost/(MinTimePeriod/12),0),IF(OR(EXACT(TimeValue,"week"),EXACT(TimeValue,"weeks")),IF(OR(MinTimePeriod>0,MaxTimePeriod>0),IF(MaxFreq>0,MaxFreq,MinFreq))*MaxCost/(MinTimePeriod/52),IF(OR(EXACT(TimeValue,"day"),EXACT(TimeValue,"days")),IF(OR(MinTimePeriod>0,MaxTimePeriod>0),IF(MaxFreq>0,MaxFreq,MinFreq))*MaxCost/(MinTimePeriod/365),"invalidinput"))))),2) -> 0 | P7: =IF(N7<O7,CONCATENATE(TEXT(N7,"$#,###.00"),CHAR(10)," - ",CHAR(10),TEXT(O7,"$#,####.00")),TEXT(N7,"$0.00")) -> $0.00 | Q7: =ROUND(IF(TimeValue="lifetime",MinCost*MinFreq,0),2) -> 0 | R7: =ROUND(IF(AND(TimeValue="lifetime",MaxFreq<1),MinFreq*MaxCost,IF(AND(TimeValue="lifetime",MaxFreq>=1),MaxFreq*MaxCost,0)),2) -> 0 | S7: =IF(Q7<R7,CONCATENATE(TEXT(Q7,"$#,##0.00"),CHAR(10)," - ",CHAR(10),TEXT(R7,"$#,##0.00")),TEXT(Q7,"$#,##0.00")) -> $0.00 | AA7: =IF(L7="lifetime", "one-time cost", IF(D7='Master Data'!$B$8, AD7 & AE7, AD7 & AE7 & AC7)) -> one-time cost | AB7: =IF(L7="lifetime", IF(I7<>"", H7 & "-" & I7 & "x/lifetime", H7 & "x/lifetime"), "ongoing cost") -> x/lifetime | AC7: =IF(Table14[[#This Row],[Duration (Years):]]<>'Master Data'!$B$8,CONCATENATE(",",CHAR(10),"for ",Table14[[#This Row],[Duration (Years):]]," years"),"lifelong") -> lifelong | AD7: =IF(L7="lifetime", "one-time cost", IF(I7<>"", H7 & "-" & I7 & "x/", H7 & "x/")) -> one-time cost | AE7: =IF(L7="lifetime", "one-time cost", IF(K7<>"", J7 & "-" & K7 & " " & L7, IF(J7>1, J7 & " " & L7, L7))) -> one-time cost
B8: ='Master Data'!$B$6 -> 126.3 | C8: ='Master Data'!$B$7 -> 136.3 | D8: =ROUND(C8-B8,1) -> 10 | E8: {=IF( $A8="Single Lung Transplant", _xlfn.XLOOKUP(1,'Cost Data Sheet'!$A$2:$A$1003,'Cost Data Sheet'!$F$2:$F$1003), IF( $A8="Double Lung Transplant", _xlfn.XLOOKUP(2,'Cost Data Sheet'!$A$2:$A$1003,'Cost Data Sheet'!$F$2:$F$1003), SUMPRODUCT( ('Service to CPT Map'!$A$2:$A$1017=$A8)* ('Service to CPT Map'!$B$2:$B$1017="Low")* ('Service to CPT Map'!$D$2:$D$1017="Medical")* IFERROR( _xlfn.XLOOKUP( 'Service to CPT Map'!$C$2:$C$1017, 'Cost Data Sheet'!$A$2:$A$1003, CHOOSE( MATCH('Master Data'!$B$19, {"Los Angeles","San Diego","San Francisco","Palo Alto"},0), 'Cost Data Sheet'!$B$2:$B$1003, 'Cost Data Sheet'!$C$2:$C$1003, 'Cost Data Sheet'!$D$2:$D$1003, 'Cost Data Sheet'!$E$2:$E$1003 ) ), 0 ) ) + IF( COUNTIFS( 'Service to CPT Map'!$A$2:$A$1017,$A8, 'Service to CPT Map'!$B$2:$B$1017,"Low", 'Service to CPT Map'!$D$2:$D$1017,"Anesthesia" )>0, SUMPRODUCT( ('Service to CPT Map'!$A$2:$A$1017=$A8)* ('Service to CPT Map'!$B$2:$B$1017="Low")* ('Service to CPT Map'!$D$2:$D$1017="Anesthesia")* IFERROR( _xlfn.XLOOKUP( 'Service to CPT Map'!$C$2:$C$1017, 'Cost Data Sheet'!$A$2:$A$1003, CHOOSE( MATCH('Master Data'!$B$19, {"Los Angeles","San Diego","San Francisco","Palo Alto"},0), 'Cost Data Sheet'!$B$2:$B$1003, 'Cost Data Sheet'!$C$2:$C$1003, 'Cost Data Sheet'!$D$2:$D$1003, 'Cost Data Sheet'!$E$2:$E$1003 ) ), 0 ) ), SUMPRODUCT( ('Service to CPT Map'!$A$2:$A$1017=$A8)* ('Service to CPT Map'!$B$2:$B$1017="Low")* ('Service to CPT Map'!$D$2:$D$1017="Medical - Sedation")* IFERROR( _xlfn.XLOOKUP( 'Service to CPT Map'!$C$2:$C$1017, 'Cost Data Sheet'!$A$2:$A$1003, CHOOSE( MATCH('Master Data'!$B$19, {"Los Angeles","San Diego","San Francisco","Palo Alto"},0), 'Cost Data Sheet'!$B$2:$B$1003, 'Cost Data Sheet'!$C$2:$C$1003, 'Cost Data Sheet'!$D$2:$D$1003, 'Cost Data Sheet'!$E$2:$E$1003 ) ), 0 ) ) ) + MIN( SUMPRODUCT( ('Service to CPT Map'!$A$2:$A$1017=$A8)* ('Service to CPT Map'!$B$2:$B$1017="Low")* ('Service to CPT Map'!$D$2:$D$1017="ASC")* IFERROR( _xlfn.XLOOKUP( 'Service to CPT Map'!$C$2:$C$1017, 'Cost Data Sheet'!$A$2:$A$1003, CHOOSE( MATCH('Master Data'!$B$19, {"Los Angeles","San Diego","San Francisco","Palo Alto"},0), 'Cost Data Sheet'!$B$2:$B$1003, 'Cost Data Sheet'!$C$2:$C$1003, 'Cost Data Sheet'!$D$2:$D$1003, 'Cost Data Sheet'!$E$2:$E$1003 ) ), 0 ) ), SUMPRODUCT( ('Service to CPT Map'!$A$2:$A$1017=$A8)* ('Service to CPT Map'!$B$2:$B$1017="Low")* ('Service to CPT Map'!$D$2:$D$1017="Outpatient")* IFERROR( _xlfn.XLOOKUP( 'Service to CPT Map'!$C$2:$C$1017, 'Cost Data Sheet'!$A$2:$A$1003, CHOOSE( MATCH('Master Data'!$B$19, {"Los Angeles","San Diego","San Francisco","Palo Alto"},0), 'Cost Data Sheet'!$B$2:$B$1003, 'Cost Data Sheet'!$C$2:$C$1003, 'Cost Data Sheet'!$D$2:$D$1003, 'Cost Data Sheet'!$E$2:$E$1003 ) ), 0 ) ) ) ) )} -> 0 | F8: {=IF( OR($A8="Single Lung Transplant",$A8="Double Lung Transplant"), E8, SUMPRODUCT( ('Service to CPT Map'!$A$2:$A$1017=$A8)* ('Service to CPT Map'!$B$2:$B$1017="High")* ('Service to CPT Map'!$D$2:$D$1017="Medical")* IFERROR( _xlfn.XLOOKUP( 'Service to CPT Map'!$C$2:$C$1017, 'Cost Data Sheet'!$A$2:$A$1003, CHOOSE( MATCH('Master Data'!$B$19, {"Los Angeles","San Diego","San Francisco","Palo Alto"},0), 'Cost Data Sheet'!$B$2:$B$1003, 'Cost Data Sheet'!$C$2:$C$1003, 'Cost Data Sheet'!$D$2:$D$1003, 'Cost Data Sheet'!$E$2:$E$1003 ) ), 0 ) ) + IF( COUNTIFS( 'Service to CPT Map'!$A$2:$A$1017,$A8, 'Service to CPT Map'!$B$2:$B$1017,"High", 'Service to CPT Map'!$D$2:$D$1017,"Anesthesia" )>0, SUMPRODUCT( ('Service to CPT Map'!$A$2:$A$1017=$A8)* ('Service to CPT Map'!$B$2:$B$1017="High")* ('Service to CPT Map'!$D$2:$D$1017="Anesthesia")* IFERROR( _xlfn.XLOOKUP( 'Service to CPT Map'!$C$2:$C$1017, 'Cost Data Sheet'!$A$2:$A$1003, CHOOSE( MATCH('Master Data'!$B$19, {"Los Angeles","San Diego","San Francisco","Palo Alto"},0), 'Cost Data Sheet'!$B$2:$B$1003, 'Cost Data Sheet'!$C$2:$C$1003, 'Cost Data Sheet'!$D$2:$D$1003, 'Cost Data Sheet'!$E$2:$E$1003 ) ), 0 ) ), SUMPRODUCT( ('Service to CPT Map'!$A$2:$A$1017=$A8)* ('Service to CPT Map'!$B$2:$B$1017="High")* ('Service to CPT Map'!$D$2:$D$1017="Medical - Sedation")* IFERROR( _xlfn.XLOOKUP( 'Service to CPT Map'!$C$2:$C$1017, 'Cost Data Sheet'!$A$2:$A$1003, CHOOSE( MATCH('Master Data'!$B$19, {"Los Angeles","San Diego","San Francisco","Palo Alto"},0), 'Cost Data Sheet'!$B$2:$B$1003, 'Cost Data Sheet'!$C$2:$C$1003, 'Cost Data Sheet'!$D$2:$D$1003, 'Cost Data Sheet'!$E$2:$E$1003 ) ), 0 ) ) ) + MAX( SUMPRODUCT( ('Service to CPT Map'!$A$2:$A$1017=$A8)* ('Service to CPT Map'!$B$2:$B$1017="High")* ('Service to CPT Map'!$D$2:$D$1017="ASC")* IFERROR( _xlfn.XLOOKUP( 'Service to CPT Map'!$C$2:$C$1017, 'Cost Data Sheet'!$A$2:$A$1003, CHOOSE( MATCH('Master Data'!$B$19, {"Los Angeles","San Diego","San Francisco","Palo Alto"},0), 'Cost Data Sheet'!$B$2:$B$1003, 'Cost Data Sheet'!$C$2:$C$1003, 'Cost Data Sheet'!$D$2:$D$1003, 'Cost Data Sheet'!$E$2:$E$1003 ) ), 0 ) ), SUMPRODUCT( ('Service to CPT Map'!$A$2:$A$1017=$A8)* ('Service to CPT Map'!$B$2:$B$1017="High")* ('Service to CPT Map'!$D$2:$D$1017="Outpatient")* IFERROR( _xlfn.XLOOKUP( 'Service to CPT Map'!$C$2:$C$1017, 'Cost Data Sheet'!$A$2:$A$1003, CHOOSE( MATCH('Master Data'!$B$19, {"Los Angeles","San Diego","San Francisco","Palo Alto"},0), 'Cost Data Sheet'!$B$2:$B$1003, 'Cost Data Sheet'!$C$2:$C$1003, 'Cost Data Sheet'!$D$2:$D$1003, 'Cost Data Sheet'!$E$2:$E$1003 ) ), 0 ) ) ) )} -> 0 | G8: =IF(E8<F8,CONCATENATE(TEXT(E8,"$#,##0.00"),CHAR(10)," - ",CHAR(10),TEXT(F8,"$#,##0.00")),TEXT(E8,"$#,##0.00")) -> $0.00 | L8: =IF(LEN(K8)=0,IF(LEN(J8)=0,"lifetime",IF(J8=1,"year","years")),"years") -> lifetime | M8: =IF(L8="lifetime", IF(I8<>"", H8 & "-" & I8 & "x/lifetime", H8 & "x/lifetime"), IF(D8='Master Data'!$B$8, AD8 & AE8, AD8 & AE8 & AC8)) -> x/lifetime | N8: =ROUND(IF(OR(EXACT(TimeValue,"years"),EXACT(TimeValue,"year")),IF(OR(MinTimePeriod>0,MaxTimePeriod>0),MinFreq*MinCost/(IF(MaxTimePeriod>0,MaxTimePeriod,MinTimePeriod)),0),IF(EXACT(TimeValue,"lifetime"),0,IF(OR(EXACT(TimeValue,"month"),EXACT(TimeValue,"months")),IF(OR(MinTimePeriod>0,MaxTimePeriod>0),MinFreq*MinCost/(IF(MaxTimePeriod>0,MaxTimePeriod/12,MinTimePeriod/12)),0),IF(OR(EXACT(TimeValue,"week"),EXACT(TimeValue,"weeks")),IF(OR(MinTimePeriod>0,MaxTimePeriod>0),MinFreq*MinCost/(IF(MaxTimePeriod>0,MaxTimePeriod/52,MinTimePeriod/52)),0),IF(OR(EXACT(TimeValue,"day"),EXACT(TimeValue,"days")),IF(OR(MinTimePeriod>0,MaxTimePeriod>0),MinFreq*MinCost/(IF(MaxTimePeriod>0,MaxTimePeriod/365,MinTimePeriod/365))),"invalidinput"))))),2) -> 0 | O8: =ROUND(IF(TimeValue="lifetime",0,IF(OR(EXACT(TimeValue,"years"),EXACT(TimeValue,"year")),IF(OR(MinTimePeriod>0,MaxTimePeriod>0),(IF(MaxFreq>0,MaxFreq,MinFreq))*MaxCost/MinTimePeriod),IF(OR(EXACT(TimeValue,"month"),EXACT(TimeValue,"months")),IF(OR(MinTimePeriod>0,MaxTimePeriod>0),(IF(MaxFreq>0,MaxFreq,MinFreq))*MaxCost/(MinTimePeriod/12),0),IF(OR(EXACT(TimeValue,"week"),EXACT(TimeValue,"weeks")),IF(OR(MinTimePeriod>0,MaxTimePeriod>0),IF(MaxFreq>0,MaxFreq,MinFreq))*MaxCost/(MinTimePeriod/52),IF(OR(EXACT(TimeValue,"day"),EXACT(TimeValue,"days")),IF(OR(MinTimePeriod>0,MaxTimePeriod>0),IF(MaxFreq>0,MaxFreq,MinFreq))*MaxCost/(MinTimePeriod/365),"invalidinput"))))),2) -> 0 | P8: =IF(N8<O8,CONCATENATE(TEXT(N8,"$#,###.00"),CHAR(10)," - ",CHAR(10),TEXT(O8,"$#,####.00")),TEXT(N8,"$0.00")) -> $0.00 | Q8: =ROUND(IF(TimeValue="lifetime",MinCost*MinFreq,0),2) -> 0 | R8: =ROUND(IF(AND(TimeValue="lifetime",MaxFreq<1),MinFreq*MaxCost,IF(AND(TimeValue="lifetime",MaxFreq>=1),MaxFreq*MaxCost,0)),2) -> 0 | S8: =IF(Q8<R8,CONCATENATE(TEXT(Q8,"$#,##0.00"),CHAR(10)," - ",CHAR(10),TEXT(R8,"$#,##0.00")),TEXT(Q8,"$#,##0.00")) -> $0.00 | AA8: =IF(L8="lifetime", "one-time cost", IF(D8='Master Data'!$B$8, AD8 & AE8, AD8 & AE8 & AC8)) -> one-time cost | AB8: =IF(L8="lifetime", IF(I8<>"", H8 & "-" & I8 & "x/lifetime", H8 & "x/lifetime"), "ongoing cost") -> x/lifetime | AC8: =IF(Table14[[#This Row],[Duration (Years):]]<>'Master Data'!$B$8,CONCATENATE(",",CHAR(10),"for ",Table14[[#This Row],[Duration (Years):]]," years"),"lifelong") -> lifelong | AD8: =IF(L8="lifetime", "one-time cost", IF(I8<>"", H8 & "-" & I8 & "x/", H8 & "x/")) -> one-time cost | AE8: =IF(L8="lifetime", "one-time cost", IF(K8<>"", J8 & "-" & K8 & " " & L8, IF(J8>1, J8 & " " & L8, L8))) -> one-time cost
B9: ='Master Data'!$B$6 -> 126.3 | C9: ='Master Data'!$B$7 -> 136.3 | D9: =ROUND(C9-B9,1) -> 10 | E9: {=IF( $A9="Single Lung Transplant", _xlfn.XLOOKUP(1,'Cost Data Sheet'!$A$2:$A$1003,'Cost Data Sheet'!$F$2:$F$1003), IF( $A9="Double Lung Transplant", _xlfn.XLOOKUP(2,'Cost Data Sheet'!$A$2:$A$1003,'Cost Data Sheet'!$F$2:$F$1003), SUMPRODUCT( ('Service to CPT Map'!$A$2:$A$1017=$A9)* ('Service to CPT Map'!$B$2:$B$1017="Low")* ('Service to CPT Map'!$D$2:$D$1017="Medical")* IFERROR( _xlfn.XLOOKUP( 'Service to CPT Map'!$C$2:$C$1017, 'Cost Data Sheet'!$A$2:$A$1003, CHOOSE( MATCH('Master Data'!$B$19, {"Los Angeles","San Diego","San Francisco","Palo Alto"},0), 'Cost Data Sheet'!$B$2:$B$1003, 'Cost Data Sheet'!$C$2:$C$1003, 'Cost Data Sheet'!$D$2:$D$1003, 'Cost Data Sheet'!$E$2:$E$1003 ) ), 0 ) ) + IF( COUNTIFS( 'Service to CPT Map'!$A$2:$A$1017,$A9, 'Service to CPT Map'!$B$2:$B$1017,"Low", 'Service to CPT Map'!$D$2:$D$1017,"Anesthesia" )>0, SUMPRODUCT( ('Service to CPT Map'!$A$2:$A$1017=$A9)* ('Service to CPT Map'!$B$2:$B$1017="Low")* ('Service to CPT Map'!$D$2:$D$1017="Anesthesia")* IFERROR( _xlfn.XLOOKUP( 'Service to CPT Map'!$C$2:$C$1017, 'Cost Data Sheet'!$A$2:$A$1003, CHOOSE( MATCH('Master Data'!$B$19, {"Los Angeles","San Diego","San Francisco","Palo Alto"},0), 'Cost Data Sheet'!$B$2:$B$1003, 'Cost Data Sheet'!$C$2:$C$1003, 'Cost Data Sheet'!$D$2:$D$1003, 'Cost Data Sheet'!$E$2:$E$1003 ) ), 0 ) ), SUMPRODUCT( ('Service to CPT Map'!$A$2:$A$1017=$A9)* ('Service to CPT Map'!$B$2:$B$1017="Low")* ('Service to CPT Map'!$D$2:$D$1017="Medical - Sedation")* IFERROR( _xlfn.XLOOKUP( 'Service to CPT Map'!$C$2:$C$1017, 'Cost Data Sheet'!$A$2:$A$1003, CHOOSE( MATCH('Master Data'!$B$19, {"Los Angeles","San Diego","San Francisco","Palo Alto"},0), 'Cost Data Sheet'!$B$2:$B$1003, 'Cost Data Sheet'!$C$2:$C$1003, 'Cost Data Sheet'!$D$2:$D$1003, 'Cost Data Sheet'!$E$2:$E$1003 ) ), 0 ) ) ) + MIN( SUMPRODUCT( ('Service to CPT Map'!$A$2:$A$1017=$A9)* ('Service to CPT Map'!$B$2:$B$1017="Low")* ('Service to CPT Map'!$D$2:$D$1017="ASC")* IFERROR( _xlfn.XLOOKUP( 'Service to CPT Map'!$C$2:$C$1017, 'Cost Data Sheet'!$A$2:$A$1003, CHOOSE( MATCH('Master Data'!$B$19, {"Los Angeles","San Diego","San Francisco","Palo Alto"},0), 'Cost Data Sheet'!$B$2:$B$1003, 'Cost Data Sheet'!$C$2:$C$1003, 'Cost Data Sheet'!$D$2:$D$1003, 'Cost Data Sheet'!$E$2:$E$1003 ) ), 0 ) ), SUMPRODUCT( ('Service to CPT Map'!$A$2:$A$1017=$A9)* ('Service to CPT Map'!$B$2:$B$1017="Low")* ('Service to CPT Map'!$D$2:$D$1017="Outpatient")* IFERROR( _xlfn.XLOOKUP( 'Service to CPT Map'!$C$2:$C$1017, 'Cost Data Sheet'!$A$2:$A$1003, CHOOSE( MATCH('Master Data'!$B$19, {"Los Angeles","San Diego","San Francisco","Palo Alto"},0), 'Cost Data Sheet'!$B$2:$B$1003, 'Cost Data Sheet'!$C$2:$C$1003, 'Cost Data Sheet'!$D$2:$D$1003, 'Cost Data Sheet'!$E$2:$E$1003 ) ), 0 ) ) ) ) )} -> 0 | F9: {=IF( OR($A9="Single Lung Transplant",$A9="Double Lung Transplant"), E9, SUMPRODUCT( ('Service to CPT Map'!$A$2:$A$1017=$A9)* ('Service to CPT Map'!$B$2:$B$1017="High")* ('Service to CPT Map'!$D$2:$D$1017="Medical")* IFERROR( _xlfn.XLOOKUP( 'Service to CPT Map'!$C$2:$C$1017, 'Cost Data Sheet'!$A$2:$A$1003, CHOOSE( MATCH('Master Data'!$B$19, {"Los Angeles","San Diego","San Francisco","Palo Alto"},0), 'Cost Data Sheet'!$B$2:$B$1003, 'Cost Data Sheet'!$C$2:$C$1003, 'Cost Data Sheet'!$D$2:$D$1003, 'Cost Data Sheet'!$E$2:$E$1003 ) ), 0 ) ) + IF( COUNTIFS( 'Service to CPT Map'!$A$2:$A$1017,$A9, 'Service to CPT Map'!$B$2:$B$1017,"High", 'Service to CPT Map'!$D$2:$D$1017,"Anesthesia" )>0, SUMPRODUCT( ('Service to CPT Map'!$A$2:$A$1017=$A9)* ('Service to CPT Map'!$B$2:$B$1017="High")* ('Service to CPT Map'!$D$2:$D$1017="Anesthesia")* IFERROR( _xlfn.XLOOKUP( 'Service to CPT Map'!$C$2:$C$1017, 'Cost Data Sheet'!$A$2:$A$1003, CHOOSE( MATCH('Master Data'!$B$19, {"Los Angeles","San Diego","San Francisco","Palo Alto"},0), 'Cost Data Sheet'!$B$2:$B$1003, 'Cost Data Sheet'!$C$2:$C$1003, 'Cost Data Sheet'!$D$2:$D$1003, 'Cost Data Sheet'!$E$2:$E$1003 ) ), 0 ) ), SUMPRODUCT( ('Service to CPT Map'!$A$2:$A$1017=$A9)* ('Service to CPT Map'!$B$2:$B$1017="High")* ('Service to CPT Map'!$D$2:$D$1017="Medical - Sedation")* IFERROR( _xlfn.XLOOKUP( 'Service to CPT Map'!$C$2:$C$1017, 'Cost Data Sheet'!$A$2:$A$1003, CHOOSE( MATCH('Master Data'!$B$19, {"Los Angeles","San Diego","San Francisco","Palo Alto"},0), 'Cost Data Sheet'!$B$2:$B$1003, 'Cost Data Sheet'!$C$2:$C$1003, 'Cost Data Sheet'!$D$2:$D$1003, 'Cost Data Sheet'!$E$2:$E$1003 ) ), 0 ) ) ) + MAX( SUMPRODUCT( ('Service to CPT Map'!$A$2:$A$1017=$A9)* ('Service to CPT Map'!$B$2:$B$1017="High")* ('Service to CPT Map'!$D$2:$D$1017="ASC")* IFERROR( _xlfn.XLOOKUP( 'Service to CPT Map'!$C$2:$C$1017, 'Cost Data Sheet'!$A$2:$A$1003, CHOOSE( MATCH('Master Data'!$B$19, {"Los Angeles","San Diego","San Francisco","Palo Alto"},0), 'Cost Data Sheet'!$B$2:$B$1003, 'Cost Data Sheet'!$C$2:$C$1003, 'Cost Data Sheet'!$D$2:$D$1003, 'Cost Data Sheet'!$E$2:$E$1003 ) ), 0 ) ), SUMPRODUCT( ('Service to CPT Map'!$A$2:$A$1017=$A9)* ('Service to CPT Map'!$B$2:$B$1017="High")* ('Service to CPT Map'!$D$2:$D$1017="Outpatient")* IFERROR( _xlfn.XLOOKUP( 'Service to CPT Map'!$C$2:$C$1017, 'Cost Data Sheet'!$A$2:$A$1003, CHOOSE( MATCH('Master Data'!$B$19, {"Los Angeles","San Diego","San Francisco","Palo Alto"},0), 'Cost Data Sheet'!$B$2:$B$1003, 'Cost Data Sheet'!$C$2:$C$1003, 'Cost Data Sheet'!$D$2:$D$1003, 'Cost Data Sheet'!$E$2:$E$1003 ) ), 0 ) ) ) )} -> 0 | G9: =IF(E9<F9,CONCATENATE(TEXT(E9,"$#,##0.00"),CHAR(10)," - ",CHAR(10),TEXT(F9,"$#,##0.00")),TEXT(E9,"$#,##0.00")) -> $0.00 | L9: =IF(LEN(K9)=0,IF(LEN(J9)=0,"lifetime",IF(J9=1,"year","years")),"years") -> lifetime | M9: =IF(L9="lifetime", IF(I9<>"", H9 & "-" & I9 & "x/lifetime", H9 & "x/lifetime"), IF(D9='Master Data'!$B$8, AD9 & AE9, AD9 & AE9 & AC9)) -> x/lifetime | N9: =ROUND(IF(OR(EXACT(TimeValue,"years"),EXACT(TimeValue,"year")),IF(OR(MinTimePeriod>0,MaxTimePeriod>0),MinFreq*MinCost/(IF(MaxTimePeriod>0,MaxTimePeriod,MinTimePeriod)),0),IF(EXACT(TimeValue,"lifetime"),0,IF(OR(EXACT(TimeValue,"month"),EXACT(TimeValue,"months")),IF(OR(MinTimePeriod>0,MaxTimePeriod>0),MinFreq*MinCost/(IF(MaxTimePeriod>0,MaxTimePeriod/12,MinTimePeriod/12)),0),IF(OR(EXACT(TimeValue,"week"),EXACT(TimeValue,"weeks")),IF(OR(MinTimePeriod>0,MaxTimePeriod>0),MinFreq*MinCost/(IF(MaxTimePeriod>0,MaxTimePeriod/52,MinTimePeriod/52)),0),IF(OR(EXACT(TimeValue,"day"),EXACT(TimeValue,"days")),IF(OR(MinTimePeriod>0,MaxTimePeriod>0),MinFreq*MinCost/(IF(MaxTimePeriod>0,MaxTimePeriod/365,MinTimePeriod/365))),"invalidinput"))))),2) -> 0 | O9: =ROUND(IF(TimeValue="lifetime",0,IF(OR(EXACT(TimeValue,"years"),EXACT(TimeValue,"year")),IF(OR(MinTimePeriod>0,MaxTimePeriod>0),(IF(MaxFreq>0,MaxFreq,MinFreq))*MaxCost/MinTimePeriod),IF(OR(EXACT(TimeValue,"month"),EXACT(TimeValue,"months")),IF(OR(MinTimePeriod>0,MaxTimePeriod>0),(IF(MaxFreq>0,MaxFreq,MinFreq))*MaxCost/(MinTimePeriod/12),0),IF(OR(EXACT(TimeValue,"week"),EXACT(TimeValue,"weeks")),IF(OR(MinTimePeriod>0,MaxTimePeriod>0),IF(MaxFreq>0,MaxFreq,MinFreq))*MaxCost/(MinTimePeriod/52),IF(OR(EXACT(TimeValue,"day"),EXACT(TimeValue,"days")),IF(OR(MinTimePeriod>0,MaxTimePeriod>0),IF(MaxFreq>0,MaxFreq,MinFreq))*MaxCost/(MinTimePeriod/365),"invalidinput"))))),2) -> 0 | P9: =IF(N9<O9,CONCATENATE(TEXT(N9,"$#,###.00"),CHAR(10)," - ",CHAR(10),TEXT(O9,"$#,####.00")),TEXT(N9,"$0.00")) -> $0.00 | Q9: =ROUND(IF(TimeValue="lifetime",MinCost*MinFreq,0),2) -> 0 | R9: =ROUND(IF(AND(TimeValue="lifetime",MaxFreq<1),MinFreq*MaxCost,IF(AND(TimeValue="lifetime",MaxFreq>=1),MaxFreq*MaxCost,0)),2) -> 0 | S9: =IF(Q9<R9,CONCATENATE(TEXT(Q9,"$#,##0.00"),CHAR(10)," - ",CHAR(10),TEXT(R9,"$#,##0.00")),TEXT(Q9,"$#,##0.00")) -> $0.00 | AA9: =IF(L9="lifetime", "one-time cost", IF(D9='Master Data'!$B$8, AD9 & AE9, AD9 & AE9 & AC9)) -> one-time cost | AB9: =IF(L9="lifetime", IF(I9<>"", H9 & "-" & I9 & "x/lifetime", H9 & "x/lifetime"), "ongoing cost") -> x/lifetime | AC9: =IF(Table14[[#This Row],[Duration (Years):]]<>'Master Data'!$B$8,CONCATENATE(",",CHAR(10),"for ",Table14[[#This Row],[Duration (Years):]]," years"),"lifelong") -> lifelong | AD9: =IF(L9="lifetime", "one-time cost", IF(I9<>"", H9 & "-" & I9 & "x/", H9 & "x/")) -> one-time cost | AE9: =IF(L9="lifetime", "one-time cost", IF(K9<>"", J9 & "-" & K9 & " " & L9, IF(J9>1, J9 & " " & L9, L9))) -> one-time cost
B10: ='Master Data'!$B$6 -> 126.3 | C10: ='Master Data'!$B$7 -> 136.3 | D10: =ROUND(C10-B10,1) -> 10 | E10: {=IF( $A10="Single Lung Transplant", _xlfn.XLOOKUP(1,'Cost Data Sheet'!$A$2:$A$1003,'Cost Data Sheet'!$F$2:$F$1003), IF( $A10="Double Lung Transplant", _xlfn.XLOOKUP(2,'Cost Data Sheet'!$A$2:$A$1003,'Cost Data Sheet'!$F$2:$F$1003), SUMPRODUCT( ('Service to CPT Map'!$A$2:$A$1017=$A10)* ('Service to CPT Map'!$B$2:$B$1017="Low")* ('Service to CPT Map'!$D$2:$D$1017="Medical")* IFERROR( _xlfn.XLOOKUP( 'Service to CPT Map'!$C$2:$C$1017, 'Cost Data Sheet'!$A$2:$A$1003, CHOOSE( MATCH('Master Data'!$B$19, {"Los Angeles","San Diego","San Francisco","Palo Alto"},0), 'Cost Data Sheet'!$B$2:$B$1003, 'Cost Data Sheet'!$C$2:$C$1003, 'Cost Data Sheet'!$D$2:$D$1003, 'Cost Data Sheet'!$E$2:$E$1003 ) ), 0 ) ) + IF( COUNTIFS( 'Service to CPT Map'!$A$2:$A$1017,$A10, 'Service to CPT Map'!$B$2:$B$1017,"Low", 'Service to CPT Map'!$D$2:$D$1017,"Anesthesia" )>0, SUMPRODUCT( ('Service to CPT Map'!$A$2:$A$1017=$A10)* ('Service to CPT Map'!$B$2:$B$1017="Low")* ('Service to CPT Map'!$D$2:$D$1017="Anesthesia")* IFERROR( _xlfn.XLOOKUP( 'Service to CPT Map'!$C$2:$C$1017, 'Cost Data Sheet'!$A$2:$A$1003, CHOOSE( MATCH('Master Data'!$B$19, {"Los Angeles","San Diego","San Francisco","Palo Alto"},0), 'Cost Data Sheet'!$B$2:$B$1003, 'Cost Data Sheet'!$C$2:$C$1003, 'Cost Data Sheet'!$D$2:$D$1003, 'Cost Data Sheet'!$E$2:$E$1003 ) ), 0 ) ), SUMPRODUCT( ('Service to CPT Map'!$A$2:$A$1017=$A10)* ('Service to CPT Map'!$B$2:$B$1017="Low")* ('Service to CPT Map'!$D$2:$D$1017="Medical - Sedation")* IFERROR( _xlfn.XLOOKUP( 'Service to CPT Map'!$C$2:$C$1017, 'Cost Data Sheet'!$A$2:$A$1003, CHOOSE( MATCH('Master Data'!$B$19, {"Los Angeles","San Diego","San Francisco","Palo Alto"},0), 'Cost Data Sheet'!$B$2:$B$1003, 'Cost Data Sheet'!$C$2:$C$1003, 'Cost Data Sheet'!$D$2:$D$1003, 'Cost Data Sheet'!$E$2:$E$1003 ) ), 0 ) ) ) + MIN( SUMPRODUCT( ('Service to CPT Map'!$A$2:$A$1017=$A10)* ('Service to CPT Map'!$B$2:$B$1017="Low")* ('Service to CPT Map'!$D$2:$D$1017="ASC")* IFERROR( _xlfn.XLOOKUP( 'Service to CPT Map'!$C$2:$C$1017, 'Cost Data Sheet'!$A$2:$A$1003, CHOOSE( MATCH('Master Data'!$B$19, {"Los Angeles","San Diego","San Francisco","Palo Alto"},0), 'Cost Data Sheet'!$B$2:$B$1003, 'Cost Data Sheet'!$C$2:$C$1003, 'Cost Data Sheet'!$D$2:$D$1003, 'Cost Data Sheet'!$E$2:$E$1003 ) ), 0 ) ), SUMPRODUCT( ('Service to CPT Map'!$A$2:$A$1017=$A10)* ('Service to CPT Map'!$B$2:$B$1017="Low")* ('Service to CPT Map'!$D$2:$D$1017="Outpatient")* IFERROR( _xlfn.XLOOKUP( 'Service to CPT Map'!$C$2:$C$1017, 'Cost Data Sheet'!$A$2:$A$1003, CHOOSE( MATCH('Master Data'!$B$19, {"Los Angeles","San Diego","San Francisco","Palo Alto"},0), 'Cost Data Sheet'!$B$2:$B$1003, 'Cost Data Sheet'!$C$2:$C$1003, 'Cost Data Sheet'!$D$2:$D$1003, 'Cost Data Sheet'!$E$2:$E$1003 ) ), 0 ) ) ) ) )} -> 0 | F10: {=IF( OR($A10="Single Lung Transplant",$A10="Double Lung Transplant"), E10, SUMPRODUCT( ('Service to CPT Map'!$A$2:$A$1017=$A10)* ('Service to CPT Map'!$B$2:$B$1017="High")* ('Service to CPT Map'!$D$2:$D$1017="Medical")* IFERROR( _xlfn.XLOOKUP( 'Service to CPT Map'!$C$2:$C$1017, 'Cost Data Sheet'!$A$2:$A$1003, CHOOSE( MATCH('Master Data'!$B$19, {"Los Angeles","San Diego","San Francisco","Palo Alto"},0), 'Cost Data Sheet'!$B$2:$B$1003, 'Cost Data Sheet'!$C$2:$C$1003, 'Cost Data Sheet'!$D$2:$D$1003, 'Cost Data Sheet'!$E$2:$E$1003 ) ), 0 ) ) + IF( COUNTIFS( 'Service to CPT Map'!$A$2:$A$1017,$A10, 'Service to CPT Map'!$B$2:$B$1017,"High", 'Service to CPT Map'!$D$2:$D$1017,"Anesthesia" )>0, SUMPRODUCT( ('Service to CPT Map'!$A$2:$A$1017=$A10)* ('Service to CPT Map'!$B$2:$B$1017="High")* ('Service to CPT Map'!$D$2:$D$1017="Anesthesia")* IFERROR( _xlfn.XLOOKUP( 'Service to CPT Map'!$C$2:$C$1017, 'Cost Data Sheet'!$A$2:$A$1003, CHOOSE( MATCH('Master Data'!$B$19, {"Los Angeles","San Diego","San Francisco","Palo Alto"},0), 'Cost Data Sheet'!$B$2:$B$1003, 'Cost Data Sheet'!$C$2:$C$1003, 'Cost Data Sheet'!$D$2:$D$1003, 'Cost Data Sheet'!$E$2:$E$1003 ) ), 0 ) ), SUMPRODUCT( ('Service to CPT Map'!$A$2:$A$1017=$A10)* ('Service to CPT Map'!$B$2:$B$1017="High")* ('Service to CPT Map'!$D$2:$D$1017="Medical - Sedation")* IFERROR( _xlfn.XLOOKUP( 'Service to CPT Map'!$C$2:$C$1017, 'Cost Data Sheet'!$A$2:$A$1003, CHOOSE( MATCH('Master Data'!$B$19, {"Los Angeles","San Diego","San Francisco","Palo Alto"},0), 'Cost Data Sheet'!$B$2:$B$1003, 'Cost Data Sheet'!$C$2:$C$1003, 'Cost Data Sheet'!$D$2:$D$1003, 'Cost Data Sheet'!$E$2:$E$1003 ) ), 0 ) ) ) + MAX( SUMPRODUCT( ('Service to CPT Map'!$A$2:$A$1017=$A10)* ('Service to CPT Map'!$B$2:$B$1017="High")* ('Service to CPT Map'!$D$2:$D$1017="ASC")* IFERROR( _xlfn.XLOOKUP( 'Service to CPT Map'!$C$2:$C$1017, 'Cost Data Sheet'!$A$2:$A$1003, CHOOSE( MATCH('Master Data'!$B$19, {"Los Angeles","San Diego","San Francisco","Palo Alto"},0), 'Cost Data Sheet'!$B$2:$B$1003, 'Cost Data Sheet'!$C$2:$C$1003, 'Cost Data Sheet'!$D$2:$D$1003, 'Cost Data Sheet'!$E$2:$E$1003 ) ), 0 ) ), SUMPRODUCT( ('Service to CPT Map'!$A$2:$A$1017=$A10)* ('Service to CPT Map'!$B$2:$B$1017="High")* ('Service to CPT Map'!$D$2:$D$1017="Outpatient")* IFERROR( _xlfn.XLOOKUP( 'Service to CPT Map'!$C$2:$C$1017, 'Cost Data Sheet'!$A$2:$A$1003, CHOOSE( MATCH('Master Data'!$B$19, {"Los Angeles","San Diego","San Francisco","Palo Alto"},0), 'Cost Data Sheet'!$B$2:$B$1003, 'Cost Data Sheet'!$C$2:$C$1003, 'Cost Data Sheet'!$D$2:$D$1003, 'Cost Data Sheet'!$E$2:$E$1003 ) ), 0 ) ) ) )} -> 0 | G10: =IF(E10<F10,CONCATENATE(TEXT(E10,"$#,##0.00"),CHAR(10)," - ",CHAR(10),TEXT(F10,"$#,##0.00")),TEXT(E10,"$#,##0.00")) -> $0.00 | L10: =IF(LEN(K10)=0,IF(LEN(J10)=0,"lifetime",IF(J10=1,"year","years")),"years") -> lifetime | M10: =IF(L10="lifetime", IF(I10<>"", H10 & "-" & I10 & "x/lifetime", H10 & "x/lifetime"), IF(D10='Master Data'!$B$8, AD10 & AE10, AD10 & AE10 & AC10)) -> x/lifetime | N10: =ROUND(IF(OR(EXACT(TimeValue,"years"),EXACT(TimeValue,"year")),IF(OR(MinTimePeriod>0,MaxTimePeriod>0),MinFreq*MinCost/(IF(MaxTimePeriod>0,MaxTimePeriod,MinTimePeriod)),0),IF(EXACT(TimeValue,"lifetime"),0,IF(OR(EXACT(TimeValue,"month"),EXACT(TimeValue,"months")),IF(OR(MinTimePeriod>0,MaxTimePeriod>0),MinFreq*MinCost/(IF(MaxTimePeriod>0,MaxTimePeriod/12,MinTimePeriod/12)),0),IF(OR(EXACT(TimeValue,"week"),EXACT(TimeValue,"weeks")),IF(OR(MinTimePeriod>0,MaxTimePeriod>0),MinFreq*MinCost/(IF(MaxTimePeriod>0,MaxTimePeriod/52,MinTimePeriod/52)),0),IF(OR(EXACT(TimeValue,"day"),EXACT(TimeValue,"days")),IF(OR(MinTimePeriod>0,MaxTimePeriod>0),MinFreq*MinCost/(IF(MaxTimePeriod>0,MaxTimePeriod/365,MinTimePeriod/365))),"invalidinput"))))),2) -> 0 | O10: =ROUND(IF(TimeValue="lifetime",0,IF(OR(EXACT(TimeValue,"years"),EXACT(TimeValue,"year")),IF(OR(MinTimePeriod>0,MaxTimePeriod>0),(IF(MaxFreq>0,MaxFreq,MinFreq))*MaxCost/MinTimePeriod),IF(OR(EXACT(TimeValue,"month"),EXACT(TimeValue,"months")),IF(OR(MinTimePeriod>0,MaxTimePeriod>0),(IF(MaxFreq>0,MaxFreq,MinFreq))*MaxCost/(MinTimePeriod/12),0),IF(OR(EXACT(TimeValue,"week"),EXACT(TimeValue,"weeks")),IF(OR(MinTimePeriod>0,MaxTimePeriod>0),IF(MaxFreq>0,MaxFreq,MinFreq))*MaxCost/(MinTimePeriod/52),IF(OR(EXACT(TimeValue,"day"),EXACT(TimeValue,"days")),IF(OR(MinTimePeriod>0,MaxTimePeriod>0),IF(MaxFreq>0,MaxFreq,MinFreq))*MaxCost/(MinTimePeriod/365),"invalidinput"))))),2) -> 0 | P10: =IF(N10<O10,CONCATENATE(TEXT(N10,"$#,###.00"),CHAR(10)," - ",CHAR(10),TEXT(O10,"$#,####.00")),TEXT(N10,"$0.00")) -> $0.00 | Q10: =ROUND(IF(TimeValue="lifetime",MinCost*MinFreq,0),2) -> 0 | R10: =ROUND(IF(AND(TimeValue="lifetime",MaxFreq<1),MinFreq*MaxCost,IF(AND(TimeValue="lifetime",MaxFreq>=1),MaxFreq*MaxCost,0)),2) -> 0 | S10: =IF(Q10<R10,CONCATENATE(TEXT(Q10,"$#,##0.00"),CHAR(10)," - ",CHAR(10),TEXT(R10,"$#,##0.00")),TEXT(Q10,"$#,##0.00")) -> $0.00 | AA10: =IF(L10="lifetime", "one-time cost", IF(D10='Master Data'!$B$8, AD10 & AE10, AD10 & AE10 & AC10)) -> one-time cost | AB10: =IF(L10="lifetime", IF(I10<>"", H10 & "-" & I10 & "x/lifetime", H10 & "x/lifetime"), "ongoing cost") -> x/lifetime | AC10: =IF(Table14[[#This Row],[Duration (Years):]]<>'Master Data'!$B$8,CONCATENATE(",",CHAR(10),"for ",Table14[[#This Row],[Duration (Years):]]," years"),"lifelong") -> lifelong | AD10: =IF(L10="lifetime", "one-time cost", IF(I10<>"", H10 & "-" & I10 & "x/", H10 & "x/")) -> one-time cost | AE10: =IF(L10="lifetime", "one-time cost", IF(K10<>"", J10 & "-" & K10 & " " & L10, IF(J10>1, J10 & " " & L10, L10))) -> one-time cost
B11: ='Master Data'!$B$6 -> 126.3 | C11: ='Master Data'!$B$7 -> 136.3 | D11: =ROUND(C11-B11,1) -> 10 | E11: {=IF( $A11="Single Lung Transplant", _xlfn.XLOOKUP(1,'Cost Data Sheet'!$A$2:$A$1003,'Cost Data Sheet'!$F$2:$F$1003), IF( $A11="Double Lung Transplant", _xlfn.XLOOKUP(2,'Cost Data Sheet'!$A$2:$A$1003,'Cost Data Sheet'!$F$2:$F$1003), SUMPRODUCT( ('Service to CPT Map'!$A$2:$A$1017=$A11)* ('Service to CPT Map'!$B$2:$B$1017="Low")* ('Service to CPT Map'!$D$2:$D$1017="Medical")* IFERROR( _xlfn.XLOOKUP( 'Service to CPT Map'!$C$2:$C$1017, 'Cost Data Sheet'!$A$2:$A$1003, CHOOSE( MATCH('Master Data'!$B$19, {"Los Angeles","San Diego","San Francisco","Palo Alto"},0), 'Cost Data Sheet'!$B$2:$B$1003, 'Cost Data Sheet'!$C$2:$C$1003, 'Cost Data Sheet'!$D$2:$D$1003, 'Cost Data Sheet'!$E$2:$E$1003 ) ), 0 ) ) + IF( COUNTIFS( 'Service to CPT Map'!$A$2:$A$1017,$A11, 'Service to CPT Map'!$B$2:$B$1017,"Low", 'Service to CPT Map'!$D$2:$D$1017,"Anesthesia" )>0, SUMPRODUCT( ('Service to CPT Map'!$A$2:$A$1017=$A11)* ('Service to CPT Map'!$B$2:$B$1017="Low")* ('Service to CPT Map'!$D$2:$D$1017="Anesthesia")* IFERROR( _xlfn.XLOOKUP( 'Service to CPT Map'!$C$2:$C$1017, 'Cost Data Sheet'!$A$2:$A$1003, CHOOSE( MATCH('Master Data'!$B$19, {"Los Angeles","San Diego","San Francisco","Palo Alto"},0), 'Cost Data Sheet'!$B$2:$B$1003, 'Cost Data Sheet'!$C$2:$C$1003, 'Cost Data Sheet'!$D$2:$D$1003, 'Cost Data Sheet'!$E$2:$E$1003 ) ), 0 ) ), SUMPRODUCT( ('Service to CPT Map'!$A$2:$A$1017=$A11)* ('Service to CPT Map'!$B$2:$B$1017="Low")* ('Service to CPT Map'!$D$2:$D$1017="Medical - Sedation")* IFERROR( _xlfn.XLOOKUP( 'Service to CPT Map'!$C$2:$C$1017, 'Cost Data Sheet'!$A$2:$A$1003, CHOOSE( MATCH('Master Data'!$B$19, {"Los Angeles","San Diego","San Francisco","Palo Alto"},0), 'Cost Data Sheet'!$B$2:$B$1003, 'Cost Data Sheet'!$C$2:$C$1003, 'Cost Data Sheet'!$D$2:$D$1003, 'Cost Data Sheet'!$E$2:$E$1003 ) ), 0 ) ) ) + MIN( SUMPRODUCT( ('Service to CPT Map'!$A$2:$A$1017=$A11)* ('Service to CPT Map'!$B$2:$B$1017="Low")* ('Service to CPT Map'!$D$2:$D$1017="ASC")* IFERROR( _xlfn.XLOOKUP( 'Service to CPT Map'!$C$2:$C$1017, 'Cost Data Sheet'!$A$2:$A$1003, CHOOSE( MATCH('Master Data'!$B$19, {"Los Angeles","San Diego","San Francisco","Palo Alto"},0), 'Cost Data Sheet'!$B$2:$B$1003, 'Cost Data Sheet'!$C$2:$C$1003, 'Cost Data Sheet'!$D$2:$D$1003, 'Cost Data Sheet'!$E$2:$E$1003 ) ), 0 ) ), SUMPRODUCT( ('Service to CPT Map'!$A$2:$A$1017=$A11)* ('Service to CPT Map'!$B$2:$B$1017="Low")* ('Service to CPT Map'!$D$2:$D$1017="Outpatient")* IFERROR( _xlfn.XLOOKUP( 'Service to CPT Map'!$C$2:$C$1017, 'Cost Data Sheet'!$A$2:$A$1003, CHOOSE( MATCH('Master Data'!$B$19, {"Los Angeles","San Diego","San Francisco","Palo Alto"},0), 'Cost Data Sheet'!$B$2:$B$1003, 'Cost Data Sheet'!$C$2:$C$1003, 'Cost Data Sheet'!$D$2:$D$1003, 'Cost Data Sheet'!$E$2:$E$1003 ) ), 0 ) ) ) ) )} -> 0 | F11: {=IF( OR($A11="Single Lung Transplant",$A11="Double Lung Transplant"), E11, SUMPRODUCT( ('Service to CPT Map'!$A$2:$A$1017=$A11)* ('Service to CPT Map'!$B$2:$B$1017="High")* ('Service to CPT Map'!$D$2:$D$1017="Medical")* IFERROR( _xlfn.XLOOKUP( 'Service to CPT Map'!$C$2:$C$1017, 'Cost Data Sheet'!$A$2:$A$1003, CHOOSE( MATCH('Master Data'!$B$19, {"Los Angeles","San Diego","San Francisco","Palo Alto"},0), 'Cost Data Sheet'!$B$2:$B$1003, 'Cost Data Sheet'!$C$2:$C$1003, 'Cost Data Sheet'!$D$2:$D$1003, 'Cost Data Sheet'!$E$2:$E$1003 ) ), 0 ) ) + IF( COUNTIFS( 'Service to CPT Map'!$A$2:$A$1017,$A11, 'Service to CPT Map'!$B$2:$B$1017,"High", 'Service to CPT Map'!$D$2:$D$1017,"Anesthesia" )>0, SUMPRODUCT( ('Service to CPT Map'!$A$2:$A$1017=$A11)* ('Service to CPT Map'!$B$2:$B$1017="High")* ('Service to CPT Map'!$D$2:$D$1017="Anesthesia")* IFERROR( _xlfn.XLOOKUP( 'Service to CPT Map'!$C$2:$C$1017, 'Cost Data Sheet'!$A$2:$A$1003, CHOOSE( MATCH('Master Data'!$B$19, {"Los Angeles","San Diego","San Francisco","Palo Alto"},0), 'Cost Data Sheet'!$B$2:$B$1003, 'Cost Data Sheet'!$C$2:$C$1003, 'Cost Data Sheet'!$D$2:$D$1003, 'Cost Data Sheet'!$E$2:$E$1003 ) ), 0 ) ), SUMPRODUCT( ('Service to CPT Map'!$A$2:$A$1017=$A11)* ('Service to CPT Map'!$B$2:$B$1017="High")* ('Service to CPT Map'!$D$2:$D$1017="Medical - Sedation")* IFERROR( _xlfn.XLOOKUP( 'Service to CPT Map'!$C$2:$C$1017, 'Cost Data Sheet'!$A$2:$A$1003, CHOOSE( MATCH('Master Data'!$B$19, {"Los Angeles","San Diego","San Francisco","Palo Alto"},0), 'Cost Data Sheet'!$B$2:$B$1003, 'Cost Data Sheet'!$C$2:$C$1003, 'Cost Data Sheet'!$D$2:$D$1003, 'Cost Data Sheet'!$E$2:$E$1003 ) ), 0 ) ) ) + MAX( SUMPRODUCT( ('Service to CPT Map'!$A$2:$A$1017=$A11)* ('Service to CPT Map'!$B$2:$B$1017="High")* ('Service to CPT Map'!$D$2:$D$1017="ASC")* IFERROR( _xlfn.XLOOKUP( 'Service to CPT Map'!$C$2:$C$1017, 'Cost Data Sheet'!$A$2:$A$1003, CHOOSE( MATCH('Master Data'!$B$19, {"Los Angeles","San Diego","San Francisco","Palo Alto"},0), 'Cost Data Sheet'!$B$2:$B$1003, 'Cost Data Sheet'!$C$2:$C$1003, 'Cost Data Sheet'!$D$2:$D$1003, 'Cost Data Sheet'!$E$2:$E$1003 ) ), 0 ) ), SUMPRODUCT( ('Service to CPT Map'!$A$2:$A$1017=$A11)* ('Service to CPT Map'!$B$2:$B$1017="High")* ('Service to CPT Map'!$D$2:$D$1017="Outpatient")* IFERROR( _xlfn.XLOOKUP( 'Service to CPT Map'!$C$2:$C$1017, 'Cost Data Sheet'!$A$2:$A$1003, CHOOSE( MATCH('Master Data'!$B$19, {"Los Angeles","San Diego","San Francisco","Palo Alto"},0), 'Cost Data Sheet'!$B$2:$B$1003, 'Cost Data Sheet'!$C$2:$C$1003, 'Cost Data Sheet'!$D$2:$D$1003, 'Cost Data Sheet'!$E$2:$E$1003 ) ), 0 ) ) ) )} -> 0 | G11: =IF(E11<F11,CONCATENATE(TEXT(E11,"$#,##0.00"),CHAR(10)," - ",CHAR(10),TEXT(F11,"$#,##0.00")),TEXT(E11,"$#,##0.00")) -> $0.00 | L11: =IF(LEN(K11)=0,IF(LEN(J11)=0,"lifetime",IF(J11=1,"year","years")),"years") -> lifetime | M11: =IF(L11="lifetime", IF(I11<>"", H11 & "-" & I11 & "x/lifetime", H11 & "x/lifetime"), IF(D11='Master Data'!$B$8, AD11 & AE11, AD11 & AE11 & AC11)) -> x/lifetime | N11: =ROUND(IF(OR(EXACT(TimeValue,"years"),EXACT(TimeValue,"year")),IF(OR(MinTimePeriod>0,MaxTimePeriod>0),MinFreq*MinCost/(IF(MaxTimePeriod>0,MaxTimePeriod,MinTimePeriod)),0),IF(EXACT(TimeValue,"lifetime"),0,IF(OR(EXACT(TimeValue,"month"),EXACT(TimeValue,"months")),IF(OR(MinTimePeriod>0,MaxTimePeriod>0),MinFreq*MinCost/(IF(MaxTimePeriod>0,MaxTimePeriod/12,MinTimePeriod/12)),0),IF(OR(EXACT(TimeValue,"week"),EXACT(TimeValue,"weeks")),IF(OR(MinTimePeriod>0,MaxTimePeriod>0),MinFreq*MinCost/(IF(MaxTimePeriod>0,MaxTimePeriod/52,MinTimePeriod/52)),0),IF(OR(EXACT(TimeValue,"day"),EXACT(TimeValue,"days")),IF(OR(MinTimePeriod>0,MaxTimePeriod>0),MinFreq*MinCost/(IF(MaxTimePeriod>0,MaxTimePeriod/365,MinTimePeriod/365))),"invalidinput"))))),2) -> 0 | O11: =ROUND(IF(TimeValue="lifetime",0,IF(OR(EXACT(TimeValue,"years"),EXACT(TimeValue,"year")),IF(OR(MinTimePeriod>0,MaxTimePeriod>0),(IF(MaxFreq>0,MaxFreq,MinFreq))*MaxCost/MinTimePeriod),IF(OR(EXACT(TimeValue,"month"),EXACT(TimeValue,"months")),IF(OR(MinTimePeriod>0,MaxTimePeriod>0),(IF(MaxFreq>0,MaxFreq,MinFreq))*MaxCost/(MinTimePeriod/12),0),IF(OR(EXACT(TimeValue,"week"),EXACT(TimeValue,"weeks")),IF(OR(MinTimePeriod>0,MaxTimePeriod>0),IF(MaxFreq>0,MaxFreq,MinFreq))*MaxCost/(MinTimePeriod/52),IF(OR(EXACT(TimeValue,"day"),EXACT(TimeValue,"days")),IF(OR(MinTimePeriod>0,MaxTimePeriod>0),IF(MaxFreq>0,MaxFreq,MinFreq))*MaxCost/(MinTimePeriod/365),"invalidinput"))))),2) -> 0 | P11: =IF(N11<O11,CONCATENATE(TEXT(N11,"$#,###.00"),CHAR(10)," - ",CHAR(10),TEXT(O11,"$#,####.00")),TEXT(N11,"$0.00")) -> $0.00 | Q11: =ROUND(IF(TimeValue="lifetime",MinCost*MinFreq,0),2) -> 0 | R11: =ROUND(IF(AND(TimeValue="lifetime",MaxFreq<1),MinFreq*MaxCost,IF(AND(TimeValue="lifetime",MaxFreq>=1),MaxFreq*MaxCost,0)),2) -> 0 | S11: =IF(Q11<R11,CONCATENATE(TEXT(Q11,"$#,##0.00"),CHAR(10)," - ",CHAR(10),TEXT(R11,"$#,##0.00")),TEXT(Q11,"$#,##0.00")) -> $0.00 | AA11: =IF(L11="lifetime", "one-time cost", IF(D11='Master Data'!$B$8, AD11 & AE11, AD11 & AE11 & AC11)) -> one-time cost | AB11: =IF(L11="lifetime", IF(I11<>"", H11 & "-" & I11 & "x/lifetime", H11 & "x/lifetime"), "ongoing cost") -> x/lifetime | AC11: =IF(Table14[[#This Row],[Duration (Years):]]<>'Master Data'!$B$8,CONCATENATE(",",CHAR(10),"for ",Table14[[#This Row],[Duration (Years):]]," years"),"lifelong") -> lifelong | AD11: =IF(L11="lifetime", "one-time cost", IF(I11<>"", H11 & "-" & I11 & "x/", H11 & "x/")) -> one-time cost | AE11: =IF(L11="lifetime", "one-time cost", IF(K11<>"", J11 & "-" & K11 & " " & L11, IF(J11>1, J11 & " " & L11, L11))) -> one-time cost
B12: ='Master Data'!$B$6 -> 126.3 | C12: ='Master Data'!$B$7 -> 136.3 | D12: =ROUND(C12-B12,1) -> 10 | E12: {=IF( $A12="Single Lung Transplant", _xlfn.XLOOKUP(1,'Cost Data Sheet'!$A$2:$A$1003,'Cost Data Sheet'!$F$2:$F$1003), IF( $A12="Double Lung Transplant", _xlfn.XLOOKUP(2,'Cost Data Sheet'!$A$2:$A$1003,'Cost Data Sheet'!$F$2:$F$1003), SUMPRODUCT( ('Service to CPT Map'!$A$2:$A$1017=$A12)* ('Service to CPT Map'!$B$2:$B$1017="Low")* ('Service to CPT Map'!$D$2:$D$1017="Medical")* IFERROR( _xlfn.XLOOKUP( 'Service to CPT Map'!$C$2:$C$1017, 'Cost Data Sheet'!$A$2:$A$1003, CHOOSE( MATCH('Master Data'!$B$19, {"Los Angeles","San Diego","San Francisco","Palo Alto"},0), 'Cost Data Sheet'!$B$2:$B$1003, 'Cost Data Sheet'!$C$2:$C$1003, 'Cost Data Sheet'!$D$2:$D$1003, 'Cost Data Sheet'!$E$2:$E$1003 ) ), 0 ) ) + IF( COUNTIFS( 'Service to CPT Map'!$A$2:$A$1017,$A12, 'Service to CPT Map'!$B$2:$B$1017,"Low", 'Service to CPT Map'!$D$2:$D$1017,"Anesthesia" )>0, SUMPRODUCT( ('Service to CPT Map'!$A$2:$A$1017=$A12)* ('Service to CPT Map'!$B$2:$B$1017="Low")* ('Service to CPT Map'!$D$2:$D$1017="Anesthesia")* IFERROR( _xlfn.XLOOKUP( 'Service to CPT Map'!$C$2:$C$1017, 'Cost Data Sheet'!$A$2:$A$1003, CHOOSE( MATCH('Master Data'!$B$19, {"Los Angeles","San Diego","San Francisco","Palo Alto"},0), 'Cost Data Sheet'!$B$2:$B$1003, 'Cost Data Sheet'!$C$2:$C$1003, 'Cost Data Sheet'!$D$2:$D$1003, 'Cost Data Sheet'!$E$2:$E$1003 ) ), 0 ) ), SUMPRODUCT( ('Service to CPT Map'!$A$2:$A$1017=$A12)* ('Service to CPT Map'!$B$2:$B$1017="Low")* ('Service to CPT Map'!$D$2:$D$1017="Medical - Sedation")* IFERROR( _xlfn.XLOOKUP( 'Service to CPT Map'!$C$2:$C$1017, 'Cost Data Sheet'!$A$2:$A$1003, CHOOSE( MATCH('Master Data'!$B$19, {"Los Angeles","San Diego","San Francisco","Palo Alto"},0), 'Cost Data Sheet'!$B$2:$B$1003, 'Cost Data Sheet'!$C$2:$C$1003, 'Cost Data Sheet'!$D$2:$D$1003, 'Cost Data Sheet'!$E$2:$E$1003 ) ), 0 ) ) ) + MIN( SUMPRODUCT( ('Service to CPT Map'!$A$2:$A$1017=$A12)* ('Service to CPT Map'!$B$2:$B$1017="Low")* ('Service to CPT Map'!$D$2:$D$1017="ASC")* IFERROR( _xlfn.XLOOKUP( 'Service to CPT Map'!$C$2:$C$1017, 'Cost Data Sheet'!$A$2:$A$1003, CHOOSE( MATCH('Master Data'!$B$19, {"Los Angeles","San Diego","San Francisco","Palo Alto"},0), 'Cost Data Sheet'!$B$2:$B$1003, 'Cost Data Sheet'!$C$2:$C$1003, 'Cost Data Sheet'!$D$2:$D$1003, 'Cost Data Sheet'!$E$2:$E$1003 ) ), 0 ) ), SUMPRODUCT( ('Service to CPT Map'!$A$2:$A$1017=$A12)* ('Service to CPT Map'!$B$2:$B$1017="Low")* ('Service to CPT Map'!$D$2:$D$1017="Outpatient")* IFERROR( _xlfn.XLOOKUP( 'Service to CPT Map'!$C$2:$C$1017, 'Cost Data Sheet'!$A$2:$A$1003, CHOOSE( MATCH('Master Data'!$B$19, {"Los Angeles","San Diego","San Francisco","Palo Alto"},0), 'Cost Data Sheet'!$B$2:$B$1003, 'Cost Data Sheet'!$C$2:$C$1003, 'Cost Data Sheet'!$D$2:$D$1003, 'Cost Data Sheet'!$E$2:$E$1003 ) ), 0 ) ) ) ) )} -> 0 | F12: {=IF( OR($A12="Single Lung Transplant",$A12="Double Lung Transplant"), E12, SUMPRODUCT( ('Service to CPT Map'!$A$2:$A$1017=$A12)* ('Service to CPT Map'!$B$2:$B$1017="High")* ('Service to CPT Map'!$D$2:$D$1017="Medical")* IFERROR( _xlfn.XLOOKUP( 'Service to CPT Map'!$C$2:$C$1017, 'Cost Data Sheet'!$A$2:$A$1003, CHOOSE( MATCH('Master Data'!$B$19, {"Los Angeles","San Diego","San Francisco","Palo Alto"},0), 'Cost Data Sheet'!$B$2:$B$1003, 'Cost Data Sheet'!$C$2:$C$1003, 'Cost Data Sheet'!$D$2:$D$1003, 'Cost Data Sheet'!$E$2:$E$1003 ) ), 0 ) ) + IF( COUNTIFS( 'Service to CPT Map'!$A$2:$A$1017,$A12, 'Service to CPT Map'!$B$2:$B$1017,"High", 'Service to CPT Map'!$D$2:$D$1017,"Anesthesia" )>0, SUMPRODUCT( ('Service to CPT Map'!$A$2:$A$1017=$A12)* ('Service to CPT Map'!$B$2:$B$1017="High")* ('Service to CPT Map'!$D$2:$D$1017="Anesthesia")* IFERROR( _xlfn.XLOOKUP( 'Service to CPT Map'!$C$2:$C$1017, 'Cost Data Sheet'!$A$2:$A$1003, CHOOSE( MATCH('Master Data'!$B$19, {"Los Angeles","San Diego","San Francisco","Palo Alto"},0), 'Cost Data Sheet'!$B$2:$B$1003, 'Cost Data Sheet'!$C$2:$C$1003, 'Cost Data Sheet'!$D$2:$D$1003, 'Cost Data Sheet'!$E$2:$E$1003 ) ), 0 ) ), SUMPRODUCT( ('Service to CPT Map'!$A$2:$A$1017=$A12)* ('Service to CPT Map'!$B$2:$B$1017="High")* ('Service to CPT Map'!$D$2:$D$1017="Medical - Sedation")* IFERROR( _xlfn.XLOOKUP( 'Service to CPT Map'!$C$2:$C$1017, 'Cost Data Sheet'!$A$2:$A$1003, CHOOSE( MATCH('Master Data'!$B$19, {"Los Angeles","San Diego","San Francisco","Palo Alto"},0), 'Cost Data Sheet'!$B$2:$B$1003, 'Cost Data Sheet'!$C$2:$C$1003, 'Cost Data Sheet'!$D$2:$D$1003, 'Cost Data Sheet'!$E$2:$E$1003 ) ), 0 ) ) ) + MAX( SUMPRODUCT( ('Service to CPT Map'!$A$2:$A$1017=$A12)* ('Service to CPT Map'!$B$2:$B$1017="High")* ('Service to CPT Map'!$D$2:$D$1017="ASC")* IFERROR( _xlfn.XLOOKUP( 'Service to CPT Map'!$C$2:$C$1017, 'Cost Data Sheet'!$A$2:$A$1003, CHOOSE( MATCH('Master Data'!$B$19, {"Los Angeles","San Diego","San Francisco","Palo Alto"},0), 'Cost Data Sheet'!$B$2:$B$1003, 'Cost Data Sheet'!$C$2:$C$1003, 'Cost Data Sheet'!$D$2:$D$1003, 'Cost Data Sheet'!$E$2:$E$1003 ) ), 0 ) ), SUMPRODUCT( ('Service to CPT Map'!$A$2:$A$1017=$A12)* ('Service to CPT Map'!$B$2:$B$1017="High")* ('Service to CPT Map'!$D$2:$D$1017="Outpatient")* IFERROR( _xlfn.XLOOKUP( 'Service to CPT Map'!$C$2:$C$1017, 'Cost Data Sheet'!$A$2:$A$1003, CHOOSE( MATCH('Master Data'!$B$19, {"Los Angeles","San Diego","San Francisco","Palo Alto"},0), 'Cost Data Sheet'!$B$2:$B$1003, 'Cost Data Sheet'!$C$2:$C$1003, 'Cost Data Sheet'!$D$2:$D$1003, 'Cost Data Sheet'!$E$2:$E$1003 ) ), 0 ) ) ) )} -> 0 | G12: =IF(E12<F12,CONCATENATE(TEXT(E12,"$#,##0.00"),CHAR(10)," - ",CHAR(10),TEXT(F12,"$#,##0.00")),TEXT(E12,"$#,##0.00")) -> $0.00 | L12: =IF(LEN(K12)=0,IF(LEN(J12)=0,"lifetime",IF(J12=1,"year","years")),"years") -> lifetime | M12: =IF(L12="lifetime", IF(I12<>"", H12 & "-" & I12 & "x/lifetime", H12 & "x/lifetime"), IF(D12='Master Data'!$B$8, AD12 & AE12, AD12 & AE12 & AC12)) -> x/lifetime | N12: =ROUND(IF(OR(EXACT(TimeValue,"years"),EXACT(TimeValue,"year")),IF(OR(MinTimePeriod>0,MaxTimePeriod>0),MinFreq*MinCost/(IF(MaxTimePeriod>0,MaxTimePeriod,MinTimePeriod)),0),IF(EXACT(TimeValue,"lifetime"),0,IF(OR(EXACT(TimeValue,"month"),EXACT(TimeValue,"months")),IF(OR(MinTimePeriod>0,MaxTimePeriod>0),MinFreq*MinCost/(IF(MaxTimePeriod>0,MaxTimePeriod/12,MinTimePeriod/12)),0),IF(OR(EXACT(TimeValue,"week"),EXACT(TimeValue,"weeks")),IF(OR(MinTimePeriod>0,MaxTimePeriod>0),MinFreq*MinCost/(IF(MaxTimePeriod>0,MaxTimePeriod/52,MinTimePeriod/52)),0),IF(OR(EXACT(TimeValue,"day"),EXACT(TimeValue,"days")),IF(OR(MinTimePeriod>0,MaxTimePeriod>0),MinFreq*MinCost/(IF(MaxTimePeriod>0,MaxTimePeriod/365,MinTimePeriod/365))),"invalidinput"))))),2) -> 0 | O12: =ROUND(IF(TimeValue="lifetime",0,IF(OR(EXACT(TimeValue,"years"),EXACT(TimeValue,"year")),IF(OR(MinTimePeriod>0,MaxTimePeriod>0),(IF(MaxFreq>0,MaxFreq,MinFreq))*MaxCost/MinTimePeriod),IF(OR(EXACT(TimeValue,"month"),EXACT(TimeValue,"months")),IF(OR(MinTimePeriod>0,MaxTimePeriod>0),(IF(MaxFreq>0,MaxFreq,MinFreq))*MaxCost/(MinTimePeriod/12),0),IF(OR(EXACT(TimeValue,"week"),EXACT(TimeValue,"weeks")),IF(OR(MinTimePeriod>0,MaxTimePeriod>0),IF(MaxFreq>0,MaxFreq,MinFreq))*MaxCost/(MinTimePeriod/52),IF(OR(EXACT(TimeValue,"day"),EXACT(TimeValue,"days")),IF(OR(MinTimePeriod>0,MaxTimePeriod>0),IF(MaxFreq>0,MaxFreq,MinFreq))*MaxCost/(MinTimePeriod/365),"invalidinput"))))),2) -> 0 | P12: =IF(N12<O12,CONCATENATE(TEXT(N12,"$#,###.00"),CHAR(10)," - ",CHAR(10),TEXT(O12,"$#,####.00")),TEXT(N12,"$0.00")) -> $0.00 | Q12: =ROUND(IF(TimeValue="lifetime",MinCost*MinFreq,0),2) -> 0 | R12: =ROUND(IF(AND(TimeValue="lifetime",MaxFreq<1),MinFreq*MaxCost,IF(AND(TimeValue="lifetime",MaxFreq>=1),MaxFreq*MaxCost,0)),2) -> 0 | S12: =IF(Q12<R12,CONCATENATE(TEXT(Q12,"$#,##0.00"),CHAR(10)," - ",CHAR(10),TEXT(R12,"$#,##0.00")),TEXT(Q12,"$#,##0.00")) -> $0.00 | AA12: =IF(L12="lifetime", "one-time cost", IF(D12='Master Data'!$B$8, AD12 & AE12, AD12 & AE12 & AC12)) -> one-time cost | AB12: =IF(L12="lifetime", IF(I12<>"", H12 & "-" & I12 & "x/lifetime", H12 & "x/lifetime"), "ongoing cost") -> x/lifetime | AC12: =IF(Table14[[#This Row],[Duration (Years):]]<>'Master Data'!$B$8,CONCATENATE(",",CHAR(10),"for ",Table14[[#This Row],[Duration (Years):]]," years"),"lifelong") -> lifelong | AD12: =IF(L12="lifetime", "one-time cost", IF(I12<>"", H12 & "-" & I12 & "x/", H12 & "x/")) -> one-time cost | AE12: =IF(L12="lifetime", "one-time cost", IF(K12<>"", J12 & "-" & K12 & " " & L12, IF(J12>1, J12 & " " & L12, L12))) -> one-time cost
B13: ='Master Data'!$B$6 -> 126.3 | C13: ='Master Data'!$B$7 -> 136.3 | D13: =ROUND(C13-B13,1) -> 10 | E13: {=IF( $A13="Single Lung Transplant", _xlfn.XLOOKUP(1,'Cost Data Sheet'!$A$2:$A$1003,'Cost Data Sheet'!$F$2:$F$1003), IF( $A13="Double Lung Transplant", _xlfn.XLOOKUP(2,'Cost Data Sheet'!$A$2:$A$1003,'Cost Data Sheet'!$F$2:$F$1003), SUMPRODUCT( ('Service to CPT Map'!$A$2:$A$1017=$A13)* ('Service to CPT Map'!$B$2:$B$1017="Low")* ('Service to CPT Map'!$D$2:$D$1017="Medical")* IFERROR( _xlfn.XLOOKUP( 'Service to CPT Map'!$C$2:$C$1017, 'Cost Data Sheet'!$A$2:$A$1003, CHOOSE( MATCH('Master Data'!$B$19, {"Los Angeles","San Diego","San Francisco","Palo Alto"},0), 'Cost Data Sheet'!$B$2:$B$1003, 'Cost Data Sheet'!$C$2:$C$1003, 'Cost Data Sheet'!$D$2:$D$1003, 'Cost Data Sheet'!$E$2:$E$1003 ) ), 0 ) ) + IF( COUNTIFS( 'Service to CPT Map'!$A$2:$A$1017,$A13, 'Service to CPT Map'!$B$2:$B$1017,"Low", 'Service to CPT Map'!$D$2:$D$1017,"Anesthesia" )>0, SUMPRODUCT( ('Service to CPT Map'!$A$2:$A$1017=$A13)* ('Service to CPT Map'!$B$2:$B$1017="Low")* ('Service to CPT Map'!$D$2:$D$1017="Anesthesia")* IFERROR( _xlfn.XLOOKUP( 'Service to CPT Map'!$C$2:$C$1017, 'Cost Data Sheet'!$A$2:$A$1003, CHOOSE( MATCH('Master Data'!$B$19, {"Los Angeles","San Diego","San Francisco","Palo Alto"},0), 'Cost Data Sheet'!$B$2:$B$1003, 'Cost Data Sheet'!$C$2:$C$1003, 'Cost Data Sheet'!$D$2:$D$1003, 'Cost Data Sheet'!$E$2:$E$1003 ) ), 0 ) ), SUMPRODUCT( ('Service to CPT Map'!$A$2:$A$1017=$A13)* ('Service to CPT Map'!$B$2:$B$1017="Low")* ('Service to CPT Map'!$D$2:$D$1017="Medical - Sedation")* IFERROR( _xlfn.XLOOKUP( 'Service to CPT Map'!$C$2:$C$1017, 'Cost Data Sheet'!$A$2:$A$1003, CHOOSE( MATCH('Master Data'!$B$19, {"Los Angeles","San Diego","San Francisco","Palo Alto"},0), 'Cost Data Sheet'!$B$2:$B$1003, 'Cost Data Sheet'!$C$2:$C$1003, 'Cost Data Sheet'!$D$2:$D$1003, 'Cost Data Sheet'!$E$2:$E$1003 ) ), 0 ) ) ) + MIN( SUMPRODUCT( ('Service to CPT Map'!$A$2:$A$1017=$A13)* ('Service to CPT Map'!$B$2:$B$1017="Low")* ('Service to CPT Map'!$D$2:$D$1017="ASC")* IFERROR( _xlfn.XLOOKUP( 'Service to CPT Map'!$C$2:$C$1017, 'Cost Data Sheet'!$A$2:$A$1003, CHOOSE( MATCH('Master Data'!$B$19, {"Los Angeles","San Diego","San Francisco","Palo Alto"},0), 'Cost Data Sheet'!$B$2:$B$1003, 'Cost Data Sheet'!$C$2:$C$1003, 'Cost Data Sheet'!$D$2:$D$1003, 'Cost Data Sheet'!$E$2:$E$1003 ) ), 0 ) ), SUMPRODUCT( ('Service to CPT Map'!$A$2:$A$1017=$A13)* ('Service to CPT Map'!$B$2:$B$1017="Low")* ('Service to CPT Map'!$D$2:$D$1017="Outpatient")* IFERROR( _xlfn.XLOOKUP( 'Service to CPT Map'!$C$2:$C$1017, 'Cost Data Sheet'!$A$2:$A$1003, CHOOSE( MATCH('Master Data'!$B$19, {"Los Angeles","San Diego","San Francisco","Palo Alto"},0), 'Cost Data Sheet'!$B$2:$B$1003, 'Cost Data Sheet'!$C$2:$C$1003, 'Cost Data Sheet'!$D$2:$D$1003, 'Cost Data Sheet'!$E$2:$E$1003 ) ), 0 ) ) ) ) )} -> 0 | F13: {=IF( OR($A13="Single Lung Transplant",$A13="Double Lung Transplant"), E13, SUMPRODUCT( ('Service to CPT Map'!$A$2:$A$1017=$A13)* ('Service to CPT Map'!$B$2:$B$1017="High")* ('Service to CPT Map'!$D$2:$D$1017="Medical")* IFERROR( _xlfn.XLOOKUP( 'Service to CPT Map'!$C$2:$C$1017, 'Cost Data Sheet'!$A$2:$A$1003, CHOOSE( MATCH('Master Data'!$B$19, {"Los Angeles","San Diego","San Francisco","Palo Alto"},0), 'Cost Data Sheet'!$B$2:$B$1003, 'Cost Data Sheet'!$C$2:$C$1003, 'Cost Data Sheet'!$D$2:$D$1003, 'Cost Data Sheet'!$E$2:$E$1003 ) ), 0 ) ) + IF( COUNTIFS( 'Service to CPT Map'!$A$2:$A$1017,$A13, 'Service to CPT Map'!$B$2:$B$1017,"High", 'Service to CPT Map'!$D$2:$D$1017,"Anesthesia" )>0, SUMPRODUCT( ('Service to CPT Map'!$A$2:$A$1017=$A13)* ('Service to CPT Map'!$B$2:$B$1017="High")* ('Service to CPT Map'!$D$2:$D$1017="Anesthesia")* IFERROR( _xlfn.XLOOKUP( 'Service to CPT Map'!$C$2:$C$1017, 'Cost Data Sheet'!$A$2:$A$1003, CHOOSE( MATCH('Master Data'!$B$19, {"Los Angeles","San Diego","San Francisco","Palo Alto"},0), 'Cost Data Sheet'!$B$2:$B$1003, 'Cost Data Sheet'!$C$2:$C$1003, 'Cost Data Sheet'!$D$2:$D$1003, 'Cost Data Sheet'!$E$2:$E$1003 ) ), 0 ) ), SUMPRODUCT( ('Service to CPT Map'!$A$2:$A$1017=$A13)* ('Service to CPT Map'!$B$2:$B$1017="High")* ('Service to CPT Map'!$D$2:$D$1017="Medical - Sedation")* IFERROR( _xlfn.XLOOKUP( 'Service to CPT Map'!$C$2:$C$1017, 'Cost Data Sheet'!$A$2:$A$1003, CHOOSE( MATCH('Master Data'!$B$19, {"Los Angeles","San Diego","San Francisco","Palo Alto"},0), 'Cost Data Sheet'!$B$2:$B$1003, 'Cost Data Sheet'!$C$2:$C$1003, 'Cost Data Sheet'!$D$2:$D$1003, 'Cost Data Sheet'!$E$2:$E$1003 ) ), 0 ) ) ) + MAX( SUMPRODUCT( ('Service to CPT Map'!$A$2:$A$1017=$A13)* ('Service to CPT Map'!$B$2:$B$1017="High")* ('Service to CPT Map'!$D$2:$D$1017="ASC")* IFERROR( _xlfn.XLOOKUP( 'Service to CPT Map'!$C$2:$C$1017, 'Cost Data Sheet'!$A$2:$A$1003, CHOOSE( MATCH('Master Data'!$B$19, {"Los Angeles","San Diego","San Francisco","Palo Alto"},0), 'Cost Data Sheet'!$B$2:$B$1003, 'Cost Data Sheet'!$C$2:$C$1003, 'Cost Data Sheet'!$D$2:$D$1003, 'Cost Data Sheet'!$E$2:$E$1003 ) ), 0 ) ), SUMPRODUCT( ('Service to CPT Map'!$A$2:$A$1017=$A13)* ('Service to CPT Map'!$B$2:$B$1017="High")* ('Service to CPT Map'!$D$2:$D$1017="Outpatient")* IFERROR( _xlfn.XLOOKUP( 'Service to CPT Map'!$C$2:$C$1017, 'Cost Data Sheet'!$A$2:$A$1003, CHOOSE( MATCH('Master Data'!$B$19, {"Los Angeles","San Diego","San Francisco","Palo Alto"},0), 'Cost Data Sheet'!$B$2:$B$1003, 'Cost Data Sheet'!$C$2:$C$1003, 'Cost Data Sheet'!$D$2:$D$1003, 'Cost Data Sheet'!$E$2:$E$1003 ) ), 0 ) ) ) )} -> 0 | G13: =IF(E13<F13,CONCATENATE(TEXT(E13,"$#,##0.00"),CHAR(10)," - ",CHAR(10),TEXT(F13,"$#,##0.00")),TEXT(E13,"$#,##0.00")) -> $0.00 | L13: =IF(LEN(K13)=0,IF(LEN(J13)=0,"lifetime",IF(J13=1,"year","years")),"years") -> lifetime | M13: =IF(L13="lifetime", IF(I13<>"", H13 & "-" & I13 & "x/lifetime", H13 & "x/lifetime"), IF(D13='Master Data'!$B$8, AD13 & AE13, AD13 & AE13 & AC13)) -> x/lifetime | N13: =ROUND(IF(OR(EXACT(TimeValue,"years"),EXACT(TimeValue,"year")),IF(OR(MinTimePeriod>0,MaxTimePeriod>0),MinFreq*MinCost/(IF(MaxTimePeriod>0,MaxTimePeriod,MinTimePeriod)),0),IF(EXACT(TimeValue,"lifetime"),0,IF(OR(EXACT(TimeValue,"month"),EXACT(TimeValue,"months")),IF(OR(MinTimePeriod>0,MaxTimePeriod>0),MinFreq*MinCost/(IF(MaxTimePeriod>0,MaxTimePeriod/12,MinTimePeriod/12)),0),IF(OR(EXACT(TimeValue,"week"),EXACT(TimeValue,"weeks")),IF(OR(MinTimePeriod>0,MaxTimePeriod>0),MinFreq*MinCost/(IF(MaxTimePeriod>0,MaxTimePeriod/52,MinTimePeriod/52)),0),IF(OR(EXACT(TimeValue,"day"),EXACT(TimeValue,"days")),IF(OR(MinTimePeriod>0,MaxTimePeriod>0),MinFreq*MinCost/(IF(MaxTimePeriod>0,MaxTimePeriod/365,MinTimePeriod/365))),"invalidinput"))))),2) -> 0 | O13: =ROUND(IF(TimeValue="lifetime",0,IF(OR(EXACT(TimeValue,"years"),EXACT(TimeValue,"year")),IF(OR(MinTimePeriod>0,MaxTimePeriod>0),(IF(MaxFreq>0,MaxFreq,MinFreq))*MaxCost/MinTimePeriod),IF(OR(EXACT(TimeValue,"month"),EXACT(TimeValue,"months")),IF(OR(MinTimePeriod>0,MaxTimePeriod>0),(IF(MaxFreq>0,MaxFreq,MinFreq))*MaxCost/(MinTimePeriod/12),0),IF(OR(EXACT(TimeValue,"week"),EXACT(TimeValue,"weeks")),IF(OR(MinTimePeriod>0,MaxTimePeriod>0),IF(MaxFreq>0,MaxFreq,MinFreq))*MaxCost/(MinTimePeriod/52),IF(OR(EXACT(TimeValue,"day"),EXACT(TimeValue,"days")),IF(OR(MinTimePeriod>0,MaxTimePeriod>0),IF(MaxFreq>0,MaxFreq,MinFreq))*MaxCost/(MinTimePeriod/365),"invalidinput"))))),2) -> 0 | P13: =IF(N13<O13,CONCATENATE(TEXT(N13,"$#,###.00"),CHAR(10)," - ",CHAR(10),TEXT(O13,"$#,####.00")),TEXT(N13,"$0.00")) -> $0.00 | Q13: =ROUND(IF(TimeValue="lifetime",MinCost*MinFreq,0),2) -> 0 | R13: =ROUND(IF(AND(TimeValue="lifetime",MaxFreq<1),MinFreq*MaxCost,IF(AND(TimeValue="lifetime",MaxFreq>=1),MaxFreq*MaxCost,0)),2) -> 0 | S13: =IF(Q13<R13,CONCATENATE(TEXT(Q13,"$#,##0.00"),CHAR(10)," - ",CHAR(10),TEXT(R13,"$#,##0.00")),TEXT(Q13,"$#,##0.00")) -> $0.00 | AA13: =IF(L13="lifetime", "one-time cost", IF(D13='Master Data'!$B$8, AD13 & AE13, AD13 & AE13 & AC13)) -> one-time cost | AB13: =IF(L13="lifetime", IF(I13<>"", H13 & "-" & I13 & "x/lifetime", H13 & "x/lifetime"), "ongoing cost") -> x/lifetime | AC13: =IF(Table14[[#This Row],[Duration (Years):]]<>'Master Data'!$B$8,CONCATENATE(",",CHAR(10),"for ",Table14[[#This Row],[Duration (Years):]]," years"),"lifelong") -> lifelong | AD13: =IF(L13="lifetime", "one-time cost", IF(I13<>"", H13 & "-" & I13 & "x/", H13 & "x/")) -> one-time cost | AE13: =IF(L13="lifetime", "one-time cost", IF(K13<>"", J13 & "-" & K13 & " " & L13, IF(J13>1, J13 & " " & L13, L13))) -> one-time cost
B14: ='Master Data'!$B$6 -> 126.3 | C14: ='Master Data'!$B$7 -> 136.3 | D14: =ROUND(C14-B14,1) -> 10 | E14: {=IF( $A14="Single Lung Transplant", _xlfn.XLOOKUP(1,'Cost Data Sheet'!$A$2:$A$1003,'Cost Data Sheet'!$F$2:$F$1003), IF( $A14="Double Lung Transplant", _xlfn.XLOOKUP(2,'Cost Data Sheet'!$A$2:$A$1003,'Cost Data Sheet'!$F$2:$F$1003), SUMPRODUCT( ('Service to CPT Map'!$A$2:$A$1017=$A14)* ('Service to CPT Map'!$B$2:$B$1017="Low")* ('Service to CPT Map'!$D$2:$D$1017="Medical")* IFERROR( _xlfn.XLOOKUP( 'Service to CPT Map'!$C$2:$C$1017, 'Cost Data Sheet'!$A$2:$A$1003, CHOOSE( MATCH('Master Data'!$B$19, {"Los Angeles","San Diego","San Francisco","Palo Alto"},0), 'Cost Data Sheet'!$B$2:$B$1003, 'Cost Data Sheet'!$C$2:$C$1003, 'Cost Data Sheet'!$D$2:$D$1003, 'Cost Data Sheet'!$E$2:$E$1003 ) ), 0 ) ) + IF( COUNTIFS( 'Service to CPT Map'!$A$2:$A$1017,$A14, 'Service to CPT Map'!$B$2:$B$1017,"Low", 'Service to CPT Map'!$D$2:$D$1017,"Anesthesia" )>0, SUMPRODUCT( ('Service to CPT Map'!$A$2:$A$1017=$A14)* ('Service to CPT Map'!$B$2:$B$1017="Low")* ('Service to CPT Map'!$D$2:$D$1017="Anesthesia")* IFERROR( _xlfn.XLOOKUP( 'Service to CPT Map'!$C$2:$C$1017, 'Cost Data Sheet'!$A$2:$A$1003, CHOOSE( MATCH('Master Data'!$B$19, {"Los Angeles","San Diego","San Francisco","Palo Alto"},0), 'Cost Data Sheet'!$B$2:$B$1003, 'Cost Data Sheet'!$C$2:$C$1003, 'Cost Data Sheet'!$D$2:$D$1003, 'Cost Data Sheet'!$E$2:$E$1003 ) ), 0 ) ), SUMPRODUCT( ('Service to CPT Map'!$A$2:$A$1017=$A14)* ('Service to CPT Map'!$B$2:$B$1017="Low")* ('Service to CPT Map'!$D$2:$D$1017="Medical - Sedation")* IFERROR( _xlfn.XLOOKUP( 'Service to CPT Map'!$C$2:$C$1017, 'Cost Data Sheet'!$A$2:$A$1003, CHOOSE( MATCH('Master Data'!$B$19, {"Los Angeles","San Diego","San Francisco","Palo Alto"},0), 'Cost Data Sheet'!$B$2:$B$1003, 'Cost Data Sheet'!$C$2:$C$1003, 'Cost Data Sheet'!$D$2:$D$1003, 'Cost Data Sheet'!$E$2:$E$1003 ) ), 0 ) ) ) + MIN( SUMPRODUCT( ('Service to CPT Map'!$A$2:$A$1017=$A14)* ('Service to CPT Map'!$B$2:$B$1017="Low")* ('Service to CPT Map'!$D$2:$D$1017="ASC")* IFERROR( _xlfn.XLOOKUP( 'Service to CPT Map'!$C$2:$C$1017, 'Cost Data Sheet'!$A$2:$A$1003, CHOOSE( MATCH('Master Data'!$B$19, {"Los Angeles","San Diego","San Francisco","Palo Alto"},0), 'Cost Data Sheet'!$B$2:$B$1003, 'Cost Data Sheet'!$C$2:$C$1003, 'Cost Data Sheet'!$D$2:$D$1003, 'Cost Data Sheet'!$E$2:$E$1003 ) ), 0 ) ), SUMPRODUCT( ('Service to CPT Map'!$A$2:$A$1017=$A14)* ('Service to CPT Map'!$B$2:$B$1017="Low")* ('Service to CPT Map'!$D$2:$D$1017="Outpatient")* IFERROR( _xlfn.XLOOKUP( 'Service to CPT Map'!$C$2:$C$1017, 'Cost Data Sheet'!$A$2:$A$1003, CHOOSE( MATCH('Master Data'!$B$19, {"Los Angeles","San Diego","San Francisco","Palo Alto"},0), 'Cost Data Sheet'!$B$2:$B$1003, 'Cost Data Sheet'!$C$2:$C$1003, 'Cost Data Sheet'!$D$2:$D$1003, 'Cost Data Sheet'!$E$2:$E$1003 ) ), 0 ) ) ) ) )} -> 0 | F14: {=IF( OR($A14="Single Lung Transplant",$A14="Double Lung Transplant"), E14, SUMPRODUCT( ('Service to CPT Map'!$A$2:$A$1017=$A14)* ('Service to CPT Map'!$B$2:$B$1017="High")* ('Service to CPT Map'!$D$2:$D$1017="Medical")* IFERROR( _xlfn.XLOOKUP( 'Service to CPT Map'!$C$2:$C$1017, 'Cost Data Sheet'!$A$2:$A$1003, CHOOSE( MATCH('Master Data'!$B$19, {"Los Angeles","San Diego","San Francisco","Palo Alto"},0), 'Cost Data Sheet'!$B$2:$B$1003, 'Cost Data Sheet'!$C$2:$C$1003, 'Cost Data Sheet'!$D$2:$D$1003, 'Cost Data Sheet'!$E$2:$E$1003 ) ), 0 ) ) + IF( COUNTIFS( 'Service to CPT Map'!$A$2:$A$1017,$A14, 'Service to CPT Map'!$B$2:$B$1017,"High", 'Service to CPT Map'!$D$2:$D$1017,"Anesthesia" )>0, SUMPRODUCT( ('Service to CPT Map'!$A$2:$A$1017=$A14)* ('Service to CPT Map'!$B$2:$B$1017="High")* ('Service to CPT Map'!$D$2:$D$1017="Anesthesia")* IFERROR( _xlfn.XLOOKUP( 'Service to CPT Map'!$C$2:$C$1017, 'Cost Data Sheet'!$A$2:$A$1003, CHOOSE( MATCH('Master Data'!$B$19, {"Los Angeles","San Diego","San Francisco","Palo Alto"},0), 'Cost Data Sheet'!$B$2:$B$1003, 'Cost Data Sheet'!$C$2:$C$1003, 'Cost Data Sheet'!$D$2:$D$1003, 'Cost Data Sheet'!$E$2:$E$1003 ) ), 0 ) ), SUMPRODUCT( ('Service to CPT Map'!$A$2:$A$1017=$A14)* ('Service to CPT Map'!$B$2:$B$1017="High")* ('Service to CPT Map'!$D$2:$D$1017="Medical - Sedation")* IFERROR( _xlfn.XLOOKUP( 'Service to CPT Map'!$C$2:$C$1017, 'Cost Data Sheet'!$A$2:$A$1003, CHOOSE( MATCH('Master Data'!$B$19, {"Los Angeles","San Diego","San Francisco","Palo Alto"},0), 'Cost Data Sheet'!$B$2:$B$1003, 'Cost Data Sheet'!$C$2:$C$1003, 'Cost Data Sheet'!$D$2:$D$1003, 'Cost Data Sheet'!$E$2:$E$1003 ) ), 0 ) ) ) + MAX( SUMPRODUCT( ('Service to CPT Map'!$A$2:$A$1017=$A14)* ('Service to CPT Map'!$B$2:$B$1017="High")* ('Service to CPT Map'!$D$2:$D$1017="ASC")* IFERROR( _xlfn.XLOOKUP( 'Service to CPT Map'!$C$2:$C$1017, 'Cost Data Sheet'!$A$2:$A$1003, CHOOSE( MATCH('Master Data'!$B$19, {"Los Angeles","San Diego","San Francisco","Palo Alto"},0), 'Cost Data Sheet'!$B$2:$B$1003, 'Cost Data Sheet'!$C$2:$C$1003, 'Cost Data Sheet'!$D$2:$D$1003, 'Cost Data Sheet'!$E$2:$E$1003 ) ), 0 ) ), SUMPRODUCT( ('Service to CPT Map'!$A$2:$A$1017=$A14)* ('Service to CPT Map'!$B$2:$B$1017="High")* ('Service to CPT Map'!$D$2:$D$1017="Outpatient")* IFERROR( _xlfn.XLOOKUP( 'Service to CPT Map'!$C$2:$C$1017, 'Cost Data Sheet'!$A$2:$A$1003, CHOOSE( MATCH('Master Data'!$B$19, {"Los Angeles","San Diego","San Francisco","Palo Alto"},0), 'Cost Data Sheet'!$B$2:$B$1003, 'Cost Data Sheet'!$C$2:$C$1003, 'Cost Data Sheet'!$D$2:$D$1003, 'Cost Data Sheet'!$E$2:$E$1003 ) ), 0 ) ) ) )} -> 0 | G14: =IF(E14<F14,CONCATENATE(TEXT(E14,"$#,##0.00"),CHAR(10)," - ",CHAR(10),TEXT(F14,"$#,##0.00")),TEXT(E14,"$#,##0.00")) -> $0.00 | L14: =IF(LEN(K14)=0,IF(LEN(J14)=0,"lifetime",IF(J14=1,"year","years")),"years") -> lifetime | M14: =IF(L14="lifetime", IF(I14<>"", H14 & "-" & I14 & "x/lifetime", H14 & "x/lifetime"), IF(D14='Master Data'!$B$8, AD14 & AE14, AD14 & AE14 & AC14)) -> x/lifetime | N14: =ROUND(IF(OR(EXACT(TimeValue,"years"),EXACT(TimeValue,"year")),IF(OR(MinTimePeriod>0,MaxTimePeriod>0),MinFreq*MinCost/(IF(MaxTimePeriod>0,MaxTimePeriod,MinTimePeriod)),0),IF(EXACT(TimeValue,"lifetime"),0,IF(OR(EXACT(TimeValue,"month"),EXACT(TimeValue,"months")),IF(OR(MinTimePeriod>0,MaxTimePeriod>0),MinFreq*MinCost/(IF(MaxTimePeriod>0,MaxTimePeriod/12,MinTimePeriod/12)),0),IF(OR(EXACT(TimeValue,"week"),EXACT(TimeValue,"weeks")),IF(OR(MinTimePeriod>0,MaxTimePeriod>0),MinFreq*MinCost/(IF(MaxTimePeriod>0,MaxTimePeriod/52,MinTimePeriod/52)),0),IF(OR(EXACT(TimeValue,"day"),EXACT(TimeValue,"days")),IF(OR(MinTimePeriod>0,MaxTimePeriod>0),MinFreq*MinCost/(IF(MaxTimePeriod>0,MaxTimePeriod/365,MinTimePeriod/365))),"invalidinput"))))),2) -> 0 | O14: =ROUND(IF(TimeValue="lifetime",0,IF(OR(EXACT(TimeValue,"years"),EXACT(TimeValue,"year")),IF(OR(MinTimePeriod>0,MaxTimePeriod>0),(IF(MaxFreq>0,MaxFreq,MinFreq))*MaxCost/MinTimePeriod),IF(OR(EXACT(TimeValue,"month"),EXACT(TimeValue,"months")),IF(OR(MinTimePeriod>0,MaxTimePeriod>0),(IF(MaxFreq>0,MaxFreq,MinFreq))*MaxCost/(MinTimePeriod/12),0),IF(OR(EXACT(TimeValue,"week"),EXACT(TimeValue,"weeks")),IF(OR(MinTimePeriod>0,MaxTimePeriod>0),IF(MaxFreq>0,MaxFreq,MinFreq))*MaxCost/(MinTimePeriod/52),IF(OR(EXACT(TimeValue,"day"),EXACT(TimeValue,"days")),IF(OR(MinTimePeriod>0,MaxTimePeriod>0),IF(MaxFreq>0,MaxFreq,MinFreq))*MaxCost/(MinTimePeriod/365),"invalidinput"))))),2) -> 0 | P14: =IF(N14<O14,CONCATENATE(TEXT(N14,"$#,###.00"),CHAR(10)," - ",CHAR(10),TEXT(O14,"$#,####.00")),TEXT(N14,"$0.00")) -> $0.00 | Q14: =ROUND(IF(TimeValue="lifetime",MinCost*MinFreq,0),2) -> 0 | R14: =ROUND(IF(AND(TimeValue="lifetime",MaxFreq<1),MinFreq*MaxCost,IF(AND(TimeValue="lifetime",MaxFreq>=1),MaxFreq*MaxCost,0)),2) -> 0 | S14: =IF(Q14<R14,CONCATENATE(TEXT(Q14,"$#,##0.00"),CHAR(10)," - ",CHAR(10),TEXT(R14,"$#,##0.00")),TEXT(Q14,"$#,##0.00")) -> $0.00 | AA14: =IF(L14="lifetime", "one-time cost", IF(D14='Master Data'!$B$8, AD14 & AE14, AD14 & AE14 & AC14)) -> one-time cost | AB14: =IF(L14="lifetime", IF(I14<>"", H14 & "-" & I14 & "x/lifetime", H14 & "x/lifetime"), "ongoing cost") -> x/lifetime | AC14: =IF(Table14[[#This Row],[Duration (Years):]]<>'Master Data'!$B$8,CONCATENATE(",",CHAR(10),"for ",Table14[[#This Row],[Duration (Years):]]," years"),"lifelong") -> lifelong | AD14: =IF(L14="lifetime", "one-time cost", IF(I14<>"", H14 & "-" & I14 & "x/", H14 & "x/")) -> one-time cost | AE14: =IF(L14="lifetime", "one-time cost", IF(K14<>"", J14 & "-" & K14 & " " & L14, IF(J14>1, J14 & " " & L14, L14))) -> one-time cost
B15: ='Master Data'!$B$6 -> 126.3 | C15: ='Master Data'!$B$7 -> 136.3 | D15: =ROUND(C15-B15,1) -> 10 | E15: {=IF( $A15="Single Lung Transplant", _xlfn.XLOOKUP(1,'Cost Data Sheet'!$A$2:$A$1003,'Cost Data Sheet'!$F$2:$F$1003), IF( $A15="Double Lung Transplant", _xlfn.XLOOKUP(2,'Cost Data Sheet'!$A$2:$A$1003,'Cost Data Sheet'!$F$2:$F$1003), SUMPRODUCT( ('Service to CPT Map'!$A$2:$A$1017=$A15)* ('Service to CPT Map'!$B$2:$B$1017="Low")* ('Service to CPT Map'!$D$2:$D$1017="Medical")* IFERROR( _xlfn.XLOOKUP( 'Service to CPT Map'!$C$2:$C$1017, 'Cost Data Sheet'!$A$2:$A$1003, CHOOSE( MATCH('Master Data'!$B$19, {"Los Angeles","San Diego","San Francisco","Palo Alto"},0), 'Cost Data Sheet'!$B$2:$B$1003, 'Cost Data Sheet'!$C$2:$C$1003, 'Cost Data Sheet'!$D$2:$D$1003, 'Cost Data Sheet'!$E$2:$E$1003 ) ), 0 ) ) + IF( COUNTIFS( 'Service to CPT Map'!$A$2:$A$1017,$A15, 'Service to CPT Map'!$B$2:$B$1017,"Low", 'Service to CPT Map'!$D$2:$D$1017,"Anesthesia" )>0, SUMPRODUCT( ('Service to CPT Map'!$A$2:$A$1017=$A15)* ('Service to CPT Map'!$B$2:$B$1017="Low")* ('Service to CPT Map'!$D$2:$D$1017="Anesthesia")* IFERROR( _xlfn.XLOOKUP( 'Service to CPT Map'!$C$2:$C$1017, 'Cost Data Sheet'!$A$2:$A$1003, CHOOSE( MATCH('Master Data'!$B$19, {"Los Angeles","San Diego","San Francisco","Palo Alto"},0), 'Cost Data Sheet'!$B$2:$B$1003, 'Cost Data Sheet'!$C$2:$C$1003, 'Cost Data Sheet'!$D$2:$D$1003, 'Cost Data Sheet'!$E$2:$E$1003 ) ), 0 ) ), SUMPRODUCT( ('Service to CPT Map'!$A$2:$A$1017=$A15)* ('Service to CPT Map'!$B$2:$B$1017="Low")* ('Service to CPT Map'!$D$2:$D$1017="Medical - Sedation")* IFERROR( _xlfn.XLOOKUP( 'Service to CPT Map'!$C$2:$C$1017, 'Cost Data Sheet'!$A$2:$A$1003, CHOOSE( MATCH('Master Data'!$B$19, {"Los Angeles","San Diego","San Francisco","Palo Alto"},0), 'Cost Data Sheet'!$B$2:$B$1003, 'Cost Data Sheet'!$C$2:$C$1003, 'Cost Data Sheet'!$D$2:$D$1003, 'Cost Data Sheet'!$E$2:$E$1003 ) ), 0 ) ) ) + MIN( SUMPRODUCT( ('Service to CPT Map'!$A$2:$A$1017=$A15)* ('Service to CPT Map'!$B$2:$B$1017="Low")* ('Service to CPT Map'!$D$2:$D$1017="ASC")* IFERROR( _xlfn.XLOOKUP( 'Service to CPT Map'!$C$2:$C$1017, 'Cost Data Sheet'!$A$2:$A$1003, CHOOSE( MATCH('Master Data'!$B$19, {"Los Angeles","San Diego","San Francisco","Palo Alto"},0), 'Cost Data Sheet'!$B$2:$B$1003, 'Cost Data Sheet'!$C$2:$C$1003, 'Cost Data Sheet'!$D$2:$D$1003, 'Cost Data Sheet'!$E$2:$E$1003 ) ), 0 ) ), SUMPRODUCT( ('Service to CPT Map'!$A$2:$A$1017=$A15)* ('Service to CPT Map'!$B$2:$B$1017="Low")* ('Service to CPT Map'!$D$2:$D$1017="Outpatient")* IFERROR( _xlfn.XLOOKUP( 'Service to CPT Map'!$C$2:$C$1017, 'Cost Data Sheet'!$A$2:$A$1003, CHOOSE( MATCH('Master Data'!$B$19, {"Los Angeles","San Diego","San Francisco","Palo Alto"},0), 'Cost Data Sheet'!$B$2:$B$1003, 'Cost Data Sheet'!$C$2:$C$1003, 'Cost Data Sheet'!$D$2:$D$1003, 'Cost Data Sheet'!$E$2:$E$1003 ) ), 0 ) ) ) ) )} -> 0 | F15: {=IF( OR($A15="Single Lung Transplant",$A15="Double Lung Transplant"), E15, SUMPRODUCT( ('Service to CPT Map'!$A$2:$A$1017=$A15)* ('Service to CPT Map'!$B$2:$B$1017="High")* ('Service to CPT Map'!$D$2:$D$1017="Medical")* IFERROR( _xlfn.XLOOKUP( 'Service to CPT Map'!$C$2:$C$1017, 'Cost Data Sheet'!$A$2:$A$1003, CHOOSE( MATCH('Master Data'!$B$19, {"Los Angeles","San Diego","San Francisco","Palo Alto"},0), 'Cost Data Sheet'!$B$2:$B$1003, 'Cost Data Sheet'!$C$2:$C$1003, 'Cost Data Sheet'!$D$2:$D$1003, 'Cost Data Sheet'!$E$2:$E$1003 ) ), 0 ) ) + IF( COUNTIFS( 'Service to CPT Map'!$A$2:$A$1017,$A15, 'Service to CPT Map'!$B$2:$B$1017,"High", 'Service to CPT Map'!$D$2:$D$1017,"Anesthesia" )>0, SUMPRODUCT( ('Service to CPT Map'!$A$2:$A$1017=$A15)* ('Service to CPT Map'!$B$2:$B$1017="High")* ('Service to CPT Map'!$D$2:$D$1017="Anesthesia")* IFERROR( _xlfn.XLOOKUP( 'Service to CPT Map'!$C$2:$C$1017, 'Cost Data Sheet'!$A$2:$A$1003, CHOOSE( MATCH('Master Data'!$B$19, {"Los Angeles","San Diego","San Francisco","Palo Alto"},0), 'Cost Data Sheet'!$B$2:$B$1003, 'Cost Data Sheet'!$C$2:$C$1003, 'Cost Data Sheet'!$D$2:$D$1003, 'Cost Data Sheet'!$E$2:$E$1003 ) ), 0 ) ), SUMPRODUCT( ('Service to CPT Map'!$A$2:$A$1017=$A15)* ('Service to CPT Map'!$B$2:$B$1017="High")* ('Service to CPT Map'!$D$2:$D$1017="Medical - Sedation")* IFERROR( _xlfn.XLOOKUP( 'Service to CPT Map'!$C$2:$C$1017, 'Cost Data Sheet'!$A$2:$A$1003, CHOOSE( MATCH('Master Data'!$B$19, {"Los Angeles","San Diego","San Francisco","Palo Alto"},0), 'Cost Data Sheet'!$B$2:$B$1003, 'Cost Data Sheet'!$C$2:$C$1003, 'Cost Data Sheet'!$D$2:$D$1003, 'Cost Data Sheet'!$E$2:$E$1003 ) ), 0 ) ) ) + MAX( SUMPRODUCT( ('Service to CPT Map'!$A$2:$A$1017=$A15)* ('Service to CPT Map'!$B$2:$B$1017="High")* ('Service to CPT Map'!$D$2:$D$1017="ASC")* IFERROR( _xlfn.XLOOKUP( 'Service to CPT Map'!$C$2:$C$1017, 'Cost Data Sheet'!$A$2:$A$1003, CHOOSE( MATCH('Master Data'!$B$19, {"Los Angeles","San Diego","San Francisco","Palo Alto"},0), 'Cost Data Sheet'!$B$2:$B$1003, 'Cost Data Sheet'!$C$2:$C$1003, 'Cost Data Sheet'!$D$2:$D$1003, 'Cost Data Sheet'!$E$2:$E$1003 ) ), 0 ) ), SUMPRODUCT( ('Service to CPT Map'!$A$2:$A$1017=$A15)* ('Service to CPT Map'!$B$2:$B$1017="High")* ('Service to CPT Map'!$D$2:$D$1017="Outpatient")* IFERROR( _xlfn.XLOOKUP( 'Service to CPT Map'!$C$2:$C$1017, 'Cost Data Sheet'!$A$2:$A$1003, CHOOSE( MATCH('Master Data'!$B$19, {"Los Angeles","San Diego","San Francisco","Palo Alto"},0), 'Cost Data Sheet'!$B$2:$B$1003, 'Cost Data Sheet'!$C$2:$C$1003, 'Cost Data Sheet'!$D$2:$D$1003, 'Cost Data Sheet'!$E$2:$E$1003 ) ), 0 ) ) ) )} -> 0 | G15: =IF(E15<F15,CONCATENATE(TEXT(E15,"$#,##0.00"),CHAR(10)," - ",CHAR(10),TEXT(F15,"$#,##0.00")),TEXT(E15,"$#,##0.00")) -> $0.00 | L15: =IF(LEN(K15)=0,IF(LEN(J15)=0,"lifetime",IF(J15=1,"year","years")),"years") -> lifetime | M15: =IF(L15="lifetime", IF(I15<>"", H15 & "-" & I15 & "x/lifetime", H15 & "x/lifetime"), IF(D15='Master Data'!$B$8, AD15 & AE15, AD15 & AE15 & AC15)) -> x/lifetime | N15: =ROUND(IF(OR(EXACT(TimeValue,"years"),EXACT(TimeValue,"year")),IF(OR(MinTimePeriod>0,MaxTimePeriod>0),MinFreq*MinCost/(IF(MaxTimePeriod>0,MaxTimePeriod,MinTimePeriod)),0),IF(EXACT(TimeValue,"lifetime"),0,IF(OR(EXACT(TimeValue,"month"),EXACT(TimeValue,"months")),IF(OR(MinTimePeriod>0,MaxTimePeriod>0),MinFreq*MinCost/(IF(MaxTimePeriod>0,MaxTimePeriod/12,MinTimePeriod/12)),0),IF(OR(EXACT(TimeValue,"week"),EXACT(TimeValue,"weeks")),IF(OR(MinTimePeriod>0,MaxTimePeriod>0),MinFreq*MinCost/(IF(MaxTimePeriod>0,MaxTimePeriod/52,MinTimePeriod/52)),0),IF(OR(EXACT(TimeValue,"day"),EXACT(TimeValue,"days")),IF(OR(MinTimePeriod>0,MaxTimePeriod>0),MinFreq*MinCost/(IF(MaxTimePeriod>0,MaxTimePeriod/365,MinTimePeriod/365))),"invalidinput"))))),2) -> 0 | O15: =ROUND(IF(TimeValue="lifetime",0,IF(OR(EXACT(TimeValue,"years"),EXACT(TimeValue,"year")),IF(OR(MinTimePeriod>0,MaxTimePeriod>0),(IF(MaxFreq>0,MaxFreq,MinFreq))*MaxCost/MinTimePeriod),IF(OR(EXACT(TimeValue,"month"),EXACT(TimeValue,"months")),IF(OR(MinTimePeriod>0,MaxTimePeriod>0),(IF(MaxFreq>0,MaxFreq,MinFreq))*MaxCost/(MinTimePeriod/12),0),IF(OR(EXACT(TimeValue,"week"),EXACT(TimeValue,"weeks")),IF(OR(MinTimePeriod>0,MaxTimePeriod>0),IF(MaxFreq>0,MaxFreq,MinFreq))*MaxCost/(MinTimePeriod/52),IF(OR(EXACT(TimeValue,"day"),EXACT(TimeValue,"days")),IF(OR(MinTimePeriod>0,MaxTimePeriod>0),IF(MaxFreq>0,MaxFreq,MinFreq))*MaxCost/(MinTimePeriod/365),"invalidinput"))))),2) -> 0 | P15: =IF(N15<O15,CONCATENATE(TEXT(N15,"$#,###.00"),CHAR(10)," - ",CHAR(10),TEXT(O15,"$#,####.00")),TEXT(N15,"$0.00")) -> $0.00 | Q15: =ROUND(IF(TimeValue="lifetime",MinCost*MinFreq,0),2) -> 0 | R15: =ROUND(IF(AND(TimeValue="lifetime",MaxFreq<1),MinFreq*MaxCost,IF(AND(TimeValue="lifetime",MaxFreq>=1),MaxFreq*MaxCost,0)),2) -> 0 | S15: =IF(Q15<R15,CONCATENATE(TEXT(Q15,"$#,##0.00"),CHAR(10)," - ",CHAR(10),TEXT(R15,"$#,##0.00")),TEXT(Q15,"$#,##0.00")) -> $0.00 | AA15: =IF(L15="lifetime", "one-time cost", IF(D15='Master Data'!$B$8, AD15 & AE15, AD15 & AE15 & AC15)) -> one-time cost | AB15: =IF(L15="lifetime", IF(I15<>"", H15 & "-" & I15 & "x/lifetime", H15 & "x/lifetime"), "ongoing cost") -> x/lifetime | AC15: =IF(Table14[[#This Row],[Duration (Years):]]<>'Master Data'!$B$8,CONCATENATE(",",CHAR(10),"for ",Table14[[#This Row],[Duration (Years):]]," years"),"lifelong") -> lifelong | AD15: =IF(L15="lifetime", "one-time cost", IF(I15<>"", H15 & "-" & I15 & "x/", H15 & "x/")) -> one-time cost | AE15: =IF(L15="lifetime", "one-time cost", IF(K15<>"", J15 & "-" & K15 & " " & L15, IF(J15>1, J15 & " " & L15, L15))) -> one-time cost
B16: ='Master Data'!$B$6 -> 126.3 | C16: ='Master Data'!$B$7 -> 136.3 | D16: =ROUND(C16-B16,1) -> 10 | E16: {=IF( $A16="Single Lung Transplant", _xlfn.XLOOKUP(1,'Cost Data Sheet'!$A$2:$A$1003,'Cost Data Sheet'!$F$2:$F$1003), IF( $A16="Double Lung Transplant", _xlfn.XLOOKUP(2,'Cost Data Sheet'!$A$2:$A$1003,'Cost Data Sheet'!$F$2:$F$1003), SUMPRODUCT( ('Service to CPT Map'!$A$2:$A$1017=$A16)* ('Service to CPT Map'!$B$2:$B$1017="Low")* ('Service to CPT Map'!$D$2:$D$1017="Medical")* IFERROR( _xlfn.XLOOKUP( 'Service to CPT Map'!$C$2:$C$1017, 'Cost Data Sheet'!$A$2:$A$1003, CHOOSE( MATCH('Master Data'!$B$19, {"Los Angeles","San Diego","San Francisco","Palo Alto"},0), 'Cost Data Sheet'!$B$2:$B$1003, 'Cost Data Sheet'!$C$2:$C$1003, 'Cost Data Sheet'!$D$2:$D$1003, 'Cost Data Sheet'!$E$2:$E$1003 ) ), 0 ) ) + IF( COUNTIFS( 'Service to CPT Map'!$A$2:$A$1017,$A16, 'Service to CPT Map'!$B$2:$B$1017,"Low", 'Service to CPT Map'!$D$2:$D$1017,"Anesthesia" )>0, SUMPRODUCT( ('Service to CPT Map'!$A$2:$A$1017=$A16)* ('Service to CPT Map'!$B$2:$B$1017="Low")* ('Service to CPT Map'!$D$2:$D$1017="Anesthesia")* IFERROR( _xlfn.XLOOKUP( 'Service to CPT Map'!$C$2:$C$1017, 'Cost Data Sheet'!$A$2:$A$1003, CHOOSE( MATCH('Master Data'!$B$19, {"Los Angeles","San Diego","San Francisco","Palo Alto"},0), 'Cost Data Sheet'!$B$2:$B$1003, 'Cost Data Sheet'!$C$2:$C$1003, 'Cost Data Sheet'!$D$2:$D$1003, 'Cost Data Sheet'!$E$2:$E$1003 ) ), 0 ) ), SUMPRODUCT( ('Service to CPT Map'!$A$2:$A$1017=$A16)* ('Service to CPT Map'!$B$2:$B$1017="Low")* ('Service to CPT Map'!$D$2:$D$1017="Medical - Sedation")* IFERROR( _xlfn.XLOOKUP( 'Service to CPT Map'!$C$2:$C$1017, 'Cost Data Sheet'!$A$2:$A$1003, CHOOSE( MATCH('Master Data'!$B$19, {"Los Angeles","San Diego","San Francisco","Palo Alto"},0), 'Cost Data Sheet'!$B$2:$B$1003, 'Cost Data Sheet'!$C$2:$C$1003, 'Cost Data Sheet'!$D$2:$D$1003, 'Cost Data Sheet'!$E$2:$E$1003 ) ), 0 ) ) ) + MIN( SUMPRODUCT( ('Service to CPT Map'!$A$2:$A$1017=$A16)* ('Service to CPT Map'!$B$2:$B$1017="Low")* ('Service to CPT Map'!$D$2:$D$1017="ASC")* IFERROR( _xlfn.XLOOKUP( 'Service to CPT Map'!$C$2:$C$1017, 'Cost Data Sheet'!$A$2:$A$1003, CHOOSE( MATCH('Master Data'!$B$19, {"Los Angeles","San Diego","San Francisco","Palo Alto"},0), 'Cost Data Sheet'!$B$2:$B$1003, 'Cost Data Sheet'!$C$2:$C$1003, 'Cost Data Sheet'!$D$2:$D$1003, 'Cost Data Sheet'!$E$2:$E$1003 ) ), 0 ) ), SUMPRODUCT( ('Service to CPT Map'!$A$2:$A$1017=$A16)* ('Service to CPT Map'!$B$2:$B$1017="Low")* ('Service to CPT Map'!$D$2:$D$1017="Outpatient")* IFERROR( _xlfn.XLOOKUP( 'Service to CPT Map'!$C$2:$C$1017, 'Cost Data Sheet'!$A$2:$A$1003, CHOOSE( MATCH('Master Data'!$B$19, {"Los Angeles","San Diego","San Francisco","Palo Alto"},0), 'Cost Data Sheet'!$B$2:$B$1003, 'Cost Data Sheet'!$C$2:$C$1003, 'Cost Data Sheet'!$D$2:$D$1003, 'Cost Data Sheet'!$E$2:$E$1003 ) ), 0 ) ) ) ) )} -> 0 | F16: {=IF( OR($A16="Single Lung Transplant",$A16="Double Lung Transplant"), E16, SUMPRODUCT( ('Service to CPT Map'!$A$2:$A$1017=$A16)* ('Service to CPT Map'!$B$2:$B$1017="High")* ('Service to CPT Map'!$D$2:$D$1017="Medical")* IFERROR( _xlfn.XLOOKUP( 'Service to CPT Map'!$C$2:$C$1017, 'Cost Data Sheet'!$A$2:$A$1003, CHOOSE( MATCH('Master Data'!$B$19, {"Los Angeles","San Diego","San Francisco","Palo Alto"},0), 'Cost Data Sheet'!$B$2:$B$1003, 'Cost Data Sheet'!$C$2:$C$1003, 'Cost Data Sheet'!$D$2:$D$1003, 'Cost Data Sheet'!$E$2:$E$1003 ) ), 0 ) ) + IF( COUNTIFS( 'Service to CPT Map'!$A$2:$A$1017,$A16, 'Service to CPT Map'!$B$2:$B$1017,"High", 'Service to CPT Map'!$D$2:$D$1017,"Anesthesia" )>0, SUMPRODUCT( ('Service to CPT Map'!$A$2:$A$1017=$A16)* ('Service to CPT Map'!$B$2:$B$1017="High")* ('Service to CPT Map'!$D$2:$D$1017="Anesthesia")* IFERROR( _xlfn.XLOOKUP( 'Service to CPT Map'!$C$2:$C$1017, 'Cost Data Sheet'!$A$2:$A$1003, CHOOSE( MATCH('Master Data'!$B$19, {"Los Angeles","San Diego","San Francisco","Palo Alto"},0), 'Cost Data Sheet'!$B$2:$B$1003, 'Cost Data Sheet'!$C$2:$C$1003, 'Cost Data Sheet'!$D$2:$D$1003, 'Cost Data Sheet'!$E$2:$E$1003 ) ), 0 ) ), SUMPRODUCT( ('Service to CPT Map'!$A$2:$A$1017=$A16)* ('Service to CPT Map'!$B$2:$B$1017="High")* ('Service to CPT Map'!$D$2:$D$1017="Medical - Sedation")* IFERROR( _xlfn.XLOOKUP( 'Service to CPT Map'!$C$2:$C$1017, 'Cost Data Sheet'!$A$2:$A$1003, CHOOSE( MATCH('Master Data'!$B$19, {"Los Angeles","San Diego","San Francisco","Palo Alto"},0), 'Cost Data Sheet'!$B$2:$B$1003, 'Cost Data Sheet'!$C$2:$C$1003, 'Cost Data Sheet'!$D$2:$D$1003, 'Cost Data Sheet'!$E$2:$E$1003 ) ), 0 ) ) ) + MAX( SUMPRODUCT( ('Service to CPT Map'!$A$2:$A$1017=$A16)* ('Service to CPT Map'!$B$2:$B$1017="High")* ('Service to CPT Map'!$D$2:$D$1017="ASC")* IFERROR( _xlfn.XLOOKUP( 'Service to CPT Map'!$C$2:$C$1017, 'Cost Data Sheet'!$A$2:$A$1003, CHOOSE( MATCH('Master Data'!$B$19, {"Los Angeles","San Diego","San Francisco","Palo Alto"},0), 'Cost Data Sheet'!$B$2:$B$1003, 'Cost Data Sheet'!$C$2:$C$1003, 'Cost Data Sheet'!$D$2:$D$1003, 'Cost Data Sheet'!$E$2:$E$1003 ) ), 0 ) ), SUMPRODUCT( ('Service to CPT Map'!$A$2:$A$1017=$A16)* ('Service to CPT Map'!$B$2:$B$1017="High")* ('Service to CPT Map'!$D$2:$D$1017="Outpatient")* IFERROR( _xlfn.XLOOKUP( 'Service to CPT Map'!$C$2:$C$1017, 'Cost Data Sheet'!$A$2:$A$1003, CHOOSE( MATCH('Master Data'!$B$19, {"Los Angeles","San Diego","San Francisco","Palo Alto"},0), 'Cost Data Sheet'!$B$2:$B$1003, 'Cost Data Sheet'!$C$2:$C$1003, 'Cost Data Sheet'!$D$2:$D$1003, 'Cost Data Sheet'!$E$2:$E$1003 ) ), 0 ) ) ) )} -> 0 | G16: =IF(E16<F16,CONCATENATE(TEXT(E16,"$#,##0.00"),CHAR(10)," - ",CHAR(10),TEXT(F16,"$#,##0.00")),TEXT(E16,"$#,##0.00")) -> $0.00 | L16: =IF(LEN(K16)=0,IF(LEN(J16)=0,"lifetime",IF(J16=1,"year","years")),"years") -> lifetime | M16: =IF(L16="lifetime", IF(I16<>"", H16 & "-" & I16 & "x/lifetime", H16 & "x/lifetime"), IF(D16='Master Data'!$B$8, AD16 & AE16, AD16 & AE16 & AC16)) -> x/lifetime | N16: =ROUND(IF(OR(EXACT(TimeValue,"years"),EXACT(TimeValue,"year")),IF(OR(MinTimePeriod>0,MaxTimePeriod>0),MinFreq*MinCost/(IF(MaxTimePeriod>0,MaxTimePeriod,MinTimePeriod)),0),IF(EXACT(TimeValue,"lifetime"),0,IF(OR(EXACT(TimeValue,"month"),EXACT(TimeValue,"months")),IF(OR(MinTimePeriod>0,MaxTimePeriod>0),MinFreq*MinCost/(IF(MaxTimePeriod>0,MaxTimePeriod/12,MinTimePeriod/12)),0),IF(OR(EXACT(TimeValue,"week"),EXACT(TimeValue,"weeks")),IF(OR(MinTimePeriod>0,MaxTimePeriod>0),MinFreq*MinCost/(IF(MaxTimePeriod>0,MaxTimePeriod/52,MinTimePeriod/52)),0),IF(OR(EXACT(TimeValue,"day"),EXACT(TimeValue,"days")),IF(OR(MinTimePeriod>0,MaxTimePeriod>0),MinFreq*MinCost/(IF(MaxTimePeriod>0,MaxTimePeriod/365,MinTimePeriod/365))),"invalidinput"))))),2) -> 0 | O16: =ROUND(IF(TimeValue="lifetime",0,IF(OR(EXACT(TimeValue,"years"),EXACT(TimeValue,"year")),IF(OR(MinTimePeriod>0,MaxTimePeriod>0),(IF(MaxFreq>0,MaxFreq,MinFreq))*MaxCost/MinTimePeriod),IF(OR(EXACT(TimeValue,"month"),EXACT(TimeValue,"months")),IF(OR(MinTimePeriod>0,MaxTimePeriod>0),(IF(MaxFreq>0,MaxFreq,MinFreq))*MaxCost/(MinTimePeriod/12),0),IF(OR(EXACT(TimeValue,"week"),EXACT(TimeValue,"weeks")),IF(OR(MinTimePeriod>0,MaxTimePeriod>0),IF(MaxFreq>0,MaxFreq,MinFreq))*MaxCost/(MinTimePeriod/52),IF(OR(EXACT(TimeValue,"day"),EXACT(TimeValue,"days")),IF(OR(MinTimePeriod>0,MaxTimePeriod>0),IF(MaxFreq>0,MaxFreq,MinFreq))*MaxCost/(MinTimePeriod/365),"invalidinput"))))),2) -> 0 | P16: =IF(N16<O16,CONCATENATE(TEXT(N16,"$#,###.00"),CHAR(10)," - ",CHAR(10),TEXT(O16,"$#,####.00")),TEXT(N16,"$0.00")) -> $0.00 | Q16: =ROUND(IF(TimeValue="lifetime",MinCost*MinFreq,0),2) -> 0 | R16: =ROUND(IF(AND(TimeValue="lifetime",MaxFreq<1),MinFreq*MaxCost,IF(AND(TimeValue="lifetime",MaxFreq>=1),MaxFreq*MaxCost,0)),2) -> 0 | S16: =IF(Q16<R16,CONCATENATE(TEXT(Q16,"$#,##0.00"),CHAR(10)," - ",CHAR(10),TEXT(R16,"$#,##0.00")),TEXT(Q16,"$#,##0.00")) -> $0.00 | AA16: =IF(L16="lifetime", "one-time cost", IF(D16='Master Data'!$B$8, AD16 & AE16, AD16 & AE16 & AC16)) -> one-time cost | AB16: =IF(L16="lifetime", IF(I16<>"", H16 & "-" & I16 & "x/lifetime", H16 & "x/lifetime"), "ongoing cost") -> x/lifetime | AC16: =IF(Table14[[#This Row],[Duration (Years):]]<>'Master Data'!$B$8,CONCATENATE(",",CHAR(10),"for ",Table14[[#This Row],[Duration (Years):]]," years"),"lifelong") -> lifelong | AD16: =IF(L16="lifetime", "one-time cost", IF(I16<>"", H16 & "-" & I16 & "x/", H16 & "x/")) -> one-time cost | AE16: =IF(L16="lifetime", "one-time cost", IF(K16<>"", J16 & "-" & K16 & " " & L16, IF(J16>1, J16 & " " & L16, L16))) -> one-time cost
B17: ='Master Data'!$B$6 -> 126.3 | C17: ='Master Data'!$B$7 -> 136.3 | D17: =ROUND(C26-B26,1) -> 0 | E17: {=IF( $A17="Single Lung Transplant", _xlfn.XLOOKUP(1,'Cost Data Sheet'!$A$2:$A$1003,'Cost Data Sheet'!$F$2:$F$1003), IF( $A17="Double Lung Transplant", _xlfn.XLOOKUP(2,'Cost Data Sheet'!$A$2:$A$1003,'Cost Data Sheet'!$F$2:$F$1003), SUMPRODUCT( ('Service to CPT Map'!$A$2:$A$1017=$A17)* ('Service to CPT Map'!$B$2:$B$1017="Low")* ('Service to CPT Map'!$D$2:$D$1017="Medical")* IFERROR( _xlfn.XLOOKUP( 'Service to CPT Map'!$C$2:$C$1017, 'Cost Data Sheet'!$A$2:$A$1003, CHOOSE( MATCH('Master Data'!$B$19, {"Los Angeles","San Diego","San Francisco","Palo Alto"},0), 'Cost Data Sheet'!$B$2:$B$1003, 'Cost Data Sheet'!$C$2:$C$1003, 'Cost Data Sheet'!$D$2:$D$1003, 'Cost Data Sheet'!$E$2:$E$1003 ) ), 0 ) ) + IF( COUNTIFS( 'Service to CPT Map'!$A$2:$A$1017,$A17, 'Service to CPT Map'!$B$2:$B$1017,"Low", 'Service to CPT Map'!$D$2:$D$1017,"Anesthesia" )>0, SUMPRODUCT( ('Service to CPT Map'!$A$2:$A$1017=$A17)* ('Service to CPT Map'!$B$2:$B$1017="Low")* ('Service to CPT Map'!$D$2:$D$1017="Anesthesia")* IFERROR( _xlfn.XLOOKUP( 'Service to CPT Map'!$C$2:$C$1017, 'Cost Data Sheet'!$A$2:$A$1003, CHOOSE( MATCH('Master Data'!$B$19, {"Los Angeles","San Diego","San Francisco","Palo Alto"},0), 'Cost Data Sheet'!$B$2:$B$1003, 'Cost Data Sheet'!$C$2:$C$1003, 'Cost Data Sheet'!$D$2:$D$1003, 'Cost Data Sheet'!$E$2:$E$1003 ) ), 0 ) ), SUMPRODUCT( ('Service to CPT Map'!$A$2:$A$1017=$A17)* ('Service to CPT Map'!$B$2:$B$1017="Low")* ('Service to CPT Map'!$D$2:$D$1017="Medical - Sedation")* IFERROR( _xlfn.XLOOKUP( 'Service to CPT Map'!$C$2:$C$1017, 'Cost Data Sheet'!$A$2:$A$1003, CHOOSE( MATCH('Master Data'!$B$19, {"Los Angeles","San Diego","San Francisco","Palo Alto"},0), 'Cost Data Sheet'!$B$2:$B$1003, 'Cost Data Sheet'!$C$2:$C$1003, 'Cost Data Sheet'!$D$2:$D$1003, 'Cost Data Sheet'!$E$2:$E$1003 ) ), 0 ) ) ) + MIN( SUMPRODUCT( ('Service to CPT Map'!$A$2:$A$1017=$A17)* ('Service to CPT Map'!$B$2:$B$1017="Low")* ('Service to CPT Map'!$D$2:$D$1017="ASC")* IFERROR( _xlfn.XLOOKUP( 'Service to CPT Map'!$C$2:$C$1017, 'Cost Data Sheet'!$A$2:$A$1003, CHOOSE( MATCH('Master Data'!$B$19, {"Los Angeles","San Diego","San Francisco","Palo Alto"},0), 'Cost Data Sheet'!$B$2:$B$1003, 'Cost Data Sheet'!$C$2:$C$1003, 'Cost Data Sheet'!$D$2:$D$1003, 'Cost Data Sheet'!$E$2:$E$1003 ) ), 0 ) ), SUMPRODUCT( ('Service to CPT Map'!$A$2:$A$1017=$A17)* ('Service to CPT Map'!$B$2:$B$1017="Low")* ('Service to CPT Map'!$D$2:$D$1017="Outpatient")* IFERROR( _xlfn.XLOOKUP( 'Service to CPT Map'!$C$2:$C$1017, 'Cost Data Sheet'!$A$2:$A$1003, CHOOSE( MATCH('Master Data'!$B$19, {"Los Angeles","San Diego","San Francisco","Palo Alto"},0), 'Cost Data Sheet'!$B$2:$B$1003, 'Cost Data Sheet'!$C$2:$C$1003, 'Cost Data Sheet'!$D$2:$D$1003, 'Cost Data Sheet'!$E$2:$E$1003 ) ), 0 ) ) ) ) )} -> 0 | F17: {=IF( OR($A17="Single Lung Transplant",$A17="Double Lung Transplant"), E17, SUMPRODUCT( ('Service to CPT Map'!$A$2:$A$1017=$A17)* ('Service to CPT Map'!$B$2:$B$1017="High")* ('Service to CPT Map'!$D$2:$D$1017="Medical")* IFERROR( _xlfn.XLOOKUP( 'Service to CPT Map'!$C$2:$C$1017, 'Cost Data Sheet'!$A$2:$A$1003, CHOOSE( MATCH('Master Data'!$B$19, {"Los Angeles","San Diego","San Francisco","Palo Alto"},0), 'Cost Data Sheet'!$B$2:$B$1003, 'Cost Data Sheet'!$C$2:$C$1003, 'Cost Data Sheet'!$D$2:$D$1003, 'Cost Data Sheet'!$E$2:$E$1003 ) ), 0 ) ) + IF( COUNTIFS( 'Service to CPT Map'!$A$2:$A$1017,$A17, 'Service to CPT Map'!$B$2:$B$1017,"High", 'Service to CPT Map'!$D$2:$D$1017,"Anesthesia" )>0, SUMPRODUCT( ('Service to CPT Map'!$A$2:$A$1017=$A17)* ('Service to CPT Map'!$B$2:$B$1017="High")* ('Service to CPT Map'!$D$2:$D$1017="Anesthesia")* IFERROR( _xlfn.XLOOKUP( 'Service to CPT Map'!$C$2:$C$1017, 'Cost Data Sheet'!$A$2:$A$1003, CHOOSE( MATCH('Master Data'!$B$19, {"Los Angeles","San Diego","San Francisco","Palo Alto"},0), 'Cost Data Sheet'!$B$2:$B$1003, 'Cost Data Sheet'!$C$2:$C$1003, 'Cost Data Sheet'!$D$2:$D$1003, 'Cost Data Sheet'!$E$2:$E$1003 ) ), 0 ) ), SUMPRODUCT( ('Service to CPT Map'!$A$2:$A$1017=$A17)* ('Service to CPT Map'!$B$2:$B$1017="High")* ('Service to CPT Map'!$D$2:$D$1017="Medical - Sedation")* IFERROR( _xlfn.XLOOKUP( 'Service to CPT Map'!$C$2:$C$1017, 'Cost Data Sheet'!$A$2:$A$1003, CHOOSE( MATCH('Master Data'!$B$19, {"Los Angeles","San Diego","San Francisco","Palo Alto"},0), 'Cost Data Sheet'!$B$2:$B$1003, 'Cost Data Sheet'!$C$2:$C$1003, 'Cost Data Sheet'!$D$2:$D$1003, 'Cost Data Sheet'!$E$2:$E$1003 ) ), 0 ) ) ) + MAX( SUMPRODUCT( ('Service to CPT Map'!$A$2:$A$1017=$A17)* ('Service to CPT Map'!$B$2:$B$1017="High")* ('Service to CPT Map'!$D$2:$D$1017="ASC")* IFERROR( _xlfn.XLOOKUP( 'Service to CPT Map'!$C$2:$C$1017, 'Cost Data Sheet'!$A$2:$A$1003, CHOOSE( MATCH('Master Data'!$B$19, {"Los Angeles","San Diego","San Francisco","Palo Alto"},0), 'Cost Data Sheet'!$B$2:$B$1003, 'Cost Data Sheet'!$C$2:$C$1003, 'Cost Data Sheet'!$D$2:$D$1003, 'Cost Data Sheet'!$E$2:$E$1003 ) ), 0 ) ), SUMPRODUCT( ('Service to CPT Map'!$A$2:$A$1017=$A17)* ('Service to CPT Map'!$B$2:$B$1017="High")* ('Service to CPT Map'!$D$2:$D$1017="Outpatient")* IFERROR( _xlfn.XLOOKUP( 'Service to CPT Map'!$C$2:$C$1017, 'Cost Data Sheet'!$A$2:$A$1003, CHOOSE( MATCH('Master Data'!$B$19, {"Los Angeles","San Diego","San Francisco","Palo Alto"},0), 'Cost Data Sheet'!$B$2:$B$1003, 'Cost Data Sheet'!$C$2:$C$1003, 'Cost Data Sheet'!$D$2:$D$1003, 'Cost Data Sheet'!$E$2:$E$1003 ) ), 0 ) ) ) )} -> 0 | G17: =IF(E17<F17,CONCATENATE(TEXT(E17,"$#,##0.00"),CHAR(10)," - ",CHAR(10),TEXT(F17,"$#,##0.00")),TEXT(E17,"$#,##0.00")) -> $0.00 | L17: =IF(LEN(K17)=0,IF(LEN(J17)=0,"lifetime",IF(J17=1,"year","years")),"years") -> lifetime | M17: =IF(L17="lifetime", IF(I17<>"", H17 & "-" & I17 & "x/lifetime", H17 & "x/lifetime"), IF(D17='Master Data'!$B$8, AD17 & AE17, AD17 & AE17 & AC17)) -> x/lifetime | N17: =ROUND(IF(OR(EXACT(TimeValue,"years"),EXACT(TimeValue,"year")),IF(OR(MinTimePeriod>0,MaxTimePeriod>0),MinFreq*MinCost/(IF(MaxTimePeriod>0,MaxTimePeriod,MinTimePeriod)),0),IF(EXACT(TimeValue,"lifetime"),0,IF(OR(EXACT(TimeValue,"month"),EXACT(TimeValue,"months")),IF(OR(MinTimePeriod>0,MaxTimePeriod>0),MinFreq*MinCost/(IF(MaxTimePeriod>0,MaxTimePeriod/12,MinTimePeriod/12)),0),IF(OR(EXACT(TimeValue,"week"),EXACT(TimeValue,"weeks")),IF(OR(MinTimePeriod>0,MaxTimePeriod>0),MinFreq*MinCost/(IF(MaxTimePeriod>0,MaxTimePeriod/52,MinTimePeriod/52)),0),IF(OR(EXACT(TimeValue,"day"),EXACT(TimeValue,"days")),IF(OR(MinTimePeriod>0,MaxTimePeriod>0),MinFreq*MinCost/(IF(MaxTimePeriod>0,MaxTimePeriod/365,MinTimePeriod/365))),"invalidinput"))))),2) -> 0 | O17: =ROUND(IF(TimeValue="lifetime",0,IF(OR(EXACT(TimeValue,"years"),EXACT(TimeValue,"year")),IF(OR(MinTimePeriod>0,MaxTimePeriod>0),(IF(MaxFreq>0,MaxFreq,MinFreq))*MaxCost/MinTimePeriod),IF(OR(EXACT(TimeValue,"month"),EXACT(TimeValue,"months")),IF(OR(MinTimePeriod>0,MaxTimePeriod>0),(IF(MaxFreq>0,MaxFreq,MinFreq))*MaxCost/(MinTimePeriod/12),0),IF(OR(EXACT(TimeValue,"week"),EXACT(TimeValue,"weeks")),IF(OR(MinTimePeriod>0,MaxTimePeriod>0),IF(MaxFreq>0,MaxFreq,MinFreq))*MaxCost/(MinTimePeriod/52),IF(OR(EXACT(TimeValue,"day"),EXACT(TimeValue,"days")),IF(OR(MinTimePeriod>0,MaxTimePeriod>0),IF(MaxFreq>0,MaxFreq,MinFreq))*MaxCost/(MinTimePeriod/365),"invalidinput"))))),2) -> 0 | P17: =IF(N17<O17,CONCATENATE(TEXT(N17,"$#,###.00"),CHAR(10)," - ",CHAR(10),TEXT(O17,"$#,####.00")),TEXT(N17,"$0.00")) -> $0.00 | Q17: =ROUND(IF(TimeValue="lifetime",MinCost*MinFreq,0),2) -> 0 | R17: =ROUND(IF(AND(TimeValue="lifetime",MaxFreq<1),MinFreq*MaxCost,IF(AND(TimeValue="lifetime",MaxFreq>=1),MaxFreq*MaxCost,0)),2) -> 0 | S17: =IF(Q17<R17,CONCATENATE(TEXT(Q17,"$#,##0.00"),CHAR(10)," - ",CHAR(10),TEXT(R17,"$#,##0.00")),TEXT(Q17,"$#,##0.00")) -> $0.00 | AA17: =IF(L17="lifetime", "one-time cost", IF(D17='Master Data'!$B$8, AD17 & AE17, AD17 & AE17 & AC17)) -> one-time cost | AB17: =IF(L17="lifetime", IF(I17<>"", H17 & "-" & I17 & "x/lifetime", H17 & "x/lifetime"), "ongoing cost") -> x/lifetime | AC17: =IF(Table14[[#This Row],[Duration (Years):]]<>'Master Data'!$B$8,CONCATENATE(",",CHAR(10),"for ",Table14[[#This Row],[Duration (Years):]]," years"),"lifelong") -> , for 0 years | AD17: =IF(L17="lifetime", "one-time cost", IF(I17<>"", H17 & "-" & I17 & "x/", H17 & "x/")) -> one-time cost | AE17: =IF(L17="lifetime", "one-time cost", IF(K17<>"", J17 & "-" & K17 & " " & L17, IF(J17>1, J17 & " " & L17, L17))) -> one-time cost
B18: ='Master Data'!$B$6 -> 126.3 | C18: ='Master Data'!$B$7 -> 136.3 | D18: =ROUND(C26-B26,1) -> 0 | E18: {=IF( $A18="Single Lung Transplant", _xlfn.XLOOKUP(1,'Cost Data Sheet'!$A$2:$A$1003,'Cost Data Sheet'!$F$2:$F$1003), IF( $A18="Double Lung Transplant", _xlfn.XLOOKUP(2,'Cost Data Sheet'!$A$2:$A$1003,'Cost Data Sheet'!$F$2:$F$1003), SUMPRODUCT( ('Service to CPT Map'!$A$2:$A$1017=$A18)* ('Service to CPT Map'!$B$2:$B$1017="Low")* ('Service to CPT Map'!$D$2:$D$1017="Medical")* IFERROR( _xlfn.XLOOKUP( 'Service to CPT Map'!$C$2:$C$1017, 'Cost Data Sheet'!$A$2:$A$1003, CHOOSE( MATCH('Master Data'!$B$19, {"Los Angeles","San Diego","San Francisco","Palo Alto"},0), 'Cost Data Sheet'!$B$2:$B$1003, 'Cost Data Sheet'!$C$2:$C$1003, 'Cost Data Sheet'!$D$2:$D$1003, 'Cost Data Sheet'!$E$2:$E$1003 ) ), 0 ) ) + IF( COUNTIFS( 'Service to CPT Map'!$A$2:$A$1017,$A18, 'Service to CPT Map'!$B$2:$B$1017,"Low", 'Service to CPT Map'!$D$2:$D$1017,"Anesthesia" )>0, SUMPRODUCT( ('Service to CPT Map'!$A$2:$A$1017=$A18)* ('Service to CPT Map'!$B$2:$B$1017="Low")* ('Service to CPT Map'!$D$2:$D$1017="Anesthesia")* IFERROR( _xlfn.XLOOKUP( 'Service to CPT Map'!$C$2:$C$1017, 'Cost Data Sheet'!$A$2:$A$1003, CHOOSE( MATCH('Master Data'!$B$19, {"Los Angeles","San Diego","San Francisco","Palo Alto"},0), 'Cost Data Sheet'!$B$2:$B$1003, 'Cost Data Sheet'!$C$2:$C$1003, 'Cost Data Sheet'!$D$2:$D$1003, 'Cost Data Sheet'!$E$2:$E$1003 ) ), 0 ) ), SUMPRODUCT( ('Service to CPT Map'!$A$2:$A$1017=$A18)* ('Service to CPT Map'!$B$2:$B$1017="Low")* ('Service to CPT Map'!$D$2:$D$1017="Medical - Sedation")* IFERROR( _xlfn.XLOOKUP( 'Service to CPT Map'!$C$2:$C$1017, 'Cost Data Sheet'!$A$2:$A$1003, CHOOSE( MATCH('Master Data'!$B$19, {"Los Angeles","San Diego","San Francisco","Palo Alto"},0), 'Cost Data Sheet'!$B$2:$B$1003, 'Cost Data Sheet'!$C$2:$C$1003, 'Cost Data Sheet'!$D$2:$D$1003, 'Cost Data Sheet'!$E$2:$E$1003 ) ), 0 ) ) ) + MIN( SUMPRODUCT( ('Service to CPT Map'!$A$2:$A$1017=$A18)* ('Service to CPT Map'!$B$2:$B$1017="Low")* ('Service to CPT Map'!$D$2:$D$1017="ASC")* IFERROR( _xlfn.XLOOKUP( 'Service to CPT Map'!$C$2:$C$1017, 'Cost Data Sheet'!$A$2:$A$1003, CHOOSE( MATCH('Master Data'!$B$19, {"Los Angeles","San Diego","San Francisco","Palo Alto"},0), 'Cost Data Sheet'!$B$2:$B$1003, 'Cost Data Sheet'!$C$2:$C$1003, 'Cost Data Sheet'!$D$2:$D$1003, 'Cost Data Sheet'!$E$2:$E$1003 ) ), 0 ) ), SUMPRODUCT( ('Service to CPT Map'!$A$2:$A$1017=$A18)* ('Service to CPT Map'!$B$2:$B$1017="Low")* ('Service to CPT Map'!$D$2:$D$1017="Outpatient")* IFERROR( _xlfn.XLOOKUP( 'Service to CPT Map'!$C$2:$C$1017, 'Cost Data Sheet'!$A$2:$A$1003, CHOOSE( MATCH('Master Data'!$B$19, {"Los Angeles","San Diego","San Francisco","Palo Alto"},0), 'Cost Data Sheet'!$B$2:$B$1003, 'Cost Data Sheet'!$C$2:$C$1003, 'Cost Data Sheet'!$D$2:$D$1003, 'Cost Data Sheet'!$E$2:$E$1003 ) ), 0 ) ) ) ) )} -> 0 | F18: {=IF( OR($A18="Single Lung Transplant",$A18="Double Lung Transplant"), E18, SUMPRODUCT( ('Service to CPT Map'!$A$2:$A$1017=$A18)* ('Service to CPT Map'!$B$2:$B$1017="High")* ('Service to CPT Map'!$D$2:$D$1017="Medical")* IFERROR( _xlfn.XLOOKUP( 'Service to CPT Map'!$C$2:$C$1017, 'Cost Data Sheet'!$A$2:$A$1003, CHOOSE( MATCH('Master Data'!$B$19, {"Los Angeles","San Diego","San Francisco","Palo Alto"},0), 'Cost Data Sheet'!$B$2:$B$1003, 'Cost Data Sheet'!$C$2:$C$1003, 'Cost Data Sheet'!$D$2:$D$1003, 'Cost Data Sheet'!$E$2:$E$1003 ) ), 0 ) ) + IF( COUNTIFS( 'Service to CPT Map'!$A$2:$A$1017,$A18, 'Service to CPT Map'!$B$2:$B$1017,"High", 'Service to CPT Map'!$D$2:$D$1017,"Anesthesia" )>0, SUMPRODUCT( ('Service to CPT Map'!$A$2:$A$1017=$A18)* ('Service to CPT Map'!$B$2:$B$1017="High")* ('Service to CPT Map'!$D$2:$D$1017="Anesthesia")* IFERROR( _xlfn.XLOOKUP( 'Service to CPT Map'!$C$2:$C$1017, 'Cost Data Sheet'!$A$2:$A$1003, CHOOSE( MATCH('Master Data'!$B$19, {"Los Angeles","San Diego","San Francisco","Palo Alto"},0), 'Cost Data Sheet'!$B$2:$B$1003, 'Cost Data Sheet'!$C$2:$C$1003, 'Cost Data Sheet'!$D$2:$D$1003, 'Cost Data Sheet'!$E$2:$E$1003 ) ), 0 ) ), SUMPRODUCT( ('Service to CPT Map'!$A$2:$A$1017=$A18)* ('Service to CPT Map'!$B$2:$B$1017="High")* ('Service to CPT Map'!$D$2:$D$1017="Medical - Sedation")* IFERROR( _xlfn.XLOOKUP( 'Service to CPT Map'!$C$2:$C$1017, 'Cost Data Sheet'!$A$2:$A$1003, CHOOSE( MATCH('Master Data'!$B$19, {"Los Angeles","San Diego","San Francisco","Palo Alto"},0), 'Cost Data Sheet'!$B$2:$B$1003, 'Cost Data Sheet'!$C$2:$C$1003, 'Cost Data Sheet'!$D$2:$D$1003, 'Cost Data Sheet'!$E$2:$E$1003 ) ), 0 ) ) ) + MAX( SUMPRODUCT( ('Service to CPT Map'!$A$2:$A$1017=$A18)* ('Service to CPT Map'!$B$2:$B$1017="High")* ('Service to CPT Map'!$D$2:$D$1017="ASC")* IFERROR( _xlfn.XLOOKUP( 'Service to CPT Map'!$C$2:$C$1017, 'Cost Data Sheet'!$A$2:$A$1003, CHOOSE( MATCH('Master Data'!$B$19, {"Los Angeles","San Diego","San Francisco","Palo Alto"},0), 'Cost Data Sheet'!$B$2:$B$1003, 'Cost Data Sheet'!$C$2:$C$1003, 'Cost Data Sheet'!$D$2:$D$1003, 'Cost Data Sheet'!$E$2:$E$1003 ) ), 0 ) ), SUMPRODUCT( ('Service to CPT Map'!$A$2:$A$1017=$A18)* ('Service to CPT Map'!$B$2:$B$1017="High")* ('Service to CPT Map'!$D$2:$D$1017="Outpatient")* IFERROR( _xlfn.XLOOKUP( 'Service to CPT Map'!$C$2:$C$1017, 'Cost Data Sheet'!$A$2:$A$1003, CHOOSE( MATCH('Master Data'!$B$19, {"Los Angeles","San Diego","San Francisco","Palo Alto"},0), 'Cost Data Sheet'!$B$2:$B$1003, 'Cost Data Sheet'!$C$2:$C$1003, 'Cost Data Sheet'!$D$2:$D$1003, 'Cost Data Sheet'!$E$2:$E$1003 ) ), 0 ) ) ) )} -> 0 | G18: =IF(E18<F18,CONCATENATE(TEXT(E18,"$#,##0.00"),CHAR(10)," - ",CHAR(10),TEXT(F18,"$#,##0.00")),TEXT(E18,"$#,##0.00")) -> $0.00 | L18: =IF(LEN(K18)=0,IF(LEN(J18)=0,"lifetime",IF(J18=1,"year","years")),"years") -> lifetime | M18: =IF(L18="lifetime", IF(I18<>"", H18 & "-" & I18 & "x/lifetime", H18 & "x/lifetime"), IF(D18='Master Data'!$B$8, AD18 & AE18, AD18 & AE18 & AC18)) -> x/lifetime | N18: =ROUND(IF(OR(EXACT(TimeValue,"years"),EXACT(TimeValue,"year")),IF(OR(MinTimePeriod>0,MaxTimePeriod>0),MinFreq*MinCost/(IF(MaxTimePeriod>0,MaxTimePeriod,MinTimePeriod)),0),IF(EXACT(TimeValue,"lifetime"),0,IF(OR(EXACT(TimeValue,"month"),EXACT(TimeValue,"months")),IF(OR(MinTimePeriod>0,MaxTimePeriod>0),MinFreq*MinCost/(IF(MaxTimePeriod>0,MaxTimePeriod/12,MinTimePeriod/12)),0),IF(OR(EXACT(TimeValue,"week"),EXACT(TimeValue,"weeks")),IF(OR(MinTimePeriod>0,MaxTimePeriod>0),MinFreq*MinCost/(IF(MaxTimePeriod>0,MaxTimePeriod/52,MinTimePeriod/52)),0),IF(OR(EXACT(TimeValue,"day"),EXACT(TimeValue,"days")),IF(OR(MinTimePeriod>0,MaxTimePeriod>0),MinFreq*MinCost/(IF(MaxTimePeriod>0,MaxTimePeriod/365,MinTimePeriod/365))),"invalidinput"))))),2) -> 0 | O18: =ROUND(IF(TimeValue="lifetime",0,IF(OR(EXACT(TimeValue,"years"),EXACT(TimeValue,"year")),IF(OR(MinTimePeriod>0,MaxTimePeriod>0),(IF(MaxFreq>0,MaxFreq,MinFreq))*MaxCost/MinTimePeriod),IF(OR(EXACT(TimeValue,"month"),EXACT(TimeValue,"months")),IF(OR(MinTimePeriod>0,MaxTimePeriod>0),(IF(MaxFreq>0,MaxFreq,MinFreq))*MaxCost/(MinTimePeriod/12),0),IF(OR(EXACT(TimeValue,"week"),EXACT(TimeValue,"weeks")),IF(OR(MinTimePeriod>0,MaxTimePeriod>0),IF(MaxFreq>0,MaxFreq,MinFreq))*MaxCost/(MinTimePeriod/52),IF(OR(EXACT(TimeValue,"day"),EXACT(TimeValue,"days")),IF(OR(MinTimePeriod>0,MaxTimePeriod>0),IF(MaxFreq>0,MaxFreq,MinFreq))*MaxCost/(MinTimePeriod/365),"invalidinput"))))),2) -> 0 | P18: =IF(N18<O18,CONCATENATE(TEXT(N18,"$#,###.00"),CHAR(10)," - ",CHAR(10),TEXT(O18,"$#,####.00")),TEXT(N18,"$0.00")) -> $0.00 | Q18: =ROUND(IF(TimeValue="lifetime",MinCost*MinFreq,0),2) -> 0 | R18: =ROUND(IF(AND(TimeValue="lifetime",MaxFreq<1),MinFreq*MaxCost,IF(AND(TimeValue="lifetime",MaxFreq>=1),MaxFreq*MaxCost,0)),2) -> 0 | S18: =IF(Q18<R18,CONCATENATE(TEXT(Q18,"$#,##0.00"),CHAR(10)," - ",CHAR(10),TEXT(R18,"$#,##0.00")),TEXT(Q18,"$#,##0.00")) -> $0.00 | AA18: =IF(L18="lifetime", "one-time cost", IF(D18='Master Data'!$B$8, AD18 & AE18, AD18 & AE18 & AC18)) -> one-time cost | AB18: =IF(L18="lifetime", IF(I18<>"", H18 & "-" & I18 & "x/lifetime", H18 & "x/lifetime"), "ongoing cost") -> x/lifetime | AC18: =IF(Table14[[#This Row],[Duration (Years):]]<>'Master Data'!$B$8,CONCATENATE(",",CHAR(10),"for ",Table14[[#This Row],[Duration (Years):]]," years"),"lifelong") -> , for 0 years | AD18: =IF(L18="lifetime", "one-time cost", IF(I18<>"", H18 & "-" & I18 & "x/", H18 & "x/")) -> one-time cost | AE18: =IF(L18="lifetime", "one-time cost", IF(K18<>"", J18 & "-" & K18 & " " & L18, IF(J18>1, J18 & " " & L18, L18))) -> one-time cost
B19: ='Master Data'!$B$6 -> 126.3 | C19: ='Master Data'!$B$7 -> 136.3 | D19: =ROUND(C26-B26,1) -> 0 | E19: {=IF( $A19="Single Lung Transplant", _xlfn.XLOOKUP(1,'Cost Data Sheet'!$A$2:$A$1003,'Cost Data Sheet'!$F$2:$F$1003), IF( $A19="Double Lung Transplant", _xlfn.XLOOKUP(2,'Cost Data Sheet'!$A$2:$A$1003,'Cost Data Sheet'!$F$2:$F$1003), SUMPRODUCT( ('Service to CPT Map'!$A$2:$A$1017=$A19)* ('Service to CPT Map'!$B$2:$B$1017="Low")* ('Service to CPT Map'!$D$2:$D$1017="Medical")* IFERROR( _xlfn.XLOOKUP( 'Service to CPT Map'!$C$2:$C$1017, 'Cost Data Sheet'!$A$2:$A$1003, CHOOSE( MATCH('Master Data'!$B$19, {"Los Angeles","San Diego","San Francisco","Palo Alto"},0), 'Cost Data Sheet'!$B$2:$B$1003, 'Cost Data Sheet'!$C$2:$C$1003, 'Cost Data Sheet'!$D$2:$D$1003, 'Cost Data Sheet'!$E$2:$E$1003 ) ), 0 ) ) + IF( COUNTIFS( 'Service to CPT Map'!$A$2:$A$1017,$A19, 'Service to CPT Map'!$B$2:$B$1017,"Low", 'Service to CPT Map'!$D$2:$D$1017,"Anesthesia" )>0, SUMPRODUCT( ('Service to CPT Map'!$A$2:$A$1017=$A19)* ('Service to CPT Map'!$B$2:$B$1017="Low")* ('Service to CPT Map'!$D$2:$D$1017="Anesthesia")* IFERROR( _xlfn.XLOOKUP( 'Service to CPT Map'!$C$2:$C$1017, 'Cost Data Sheet'!$A$2:$A$1003, CHOOSE( MATCH('Master Data'!$B$19, {"Los Angeles","San Diego","San Francisco","Palo Alto"},0), 'Cost Data Sheet'!$B$2:$B$1003, 'Cost Data Sheet'!$C$2:$C$1003, 'Cost Data Sheet'!$D$2:$D$1003, 'Cost Data Sheet'!$E$2:$E$1003 ) ), 0 ) ), SUMPRODUCT( ('Service to CPT Map'!$A$2:$A$1017=$A19)* ('Service to CPT Map'!$B$2:$B$1017="Low")* ('Service to CPT Map'!$D$2:$D$1017="Medical - Sedation")* IFERROR( _xlfn.XLOOKUP( 'Service to CPT Map'!$C$2:$C$1017, 'Cost Data Sheet'!$A$2:$A$1003, CHOOSE( MATCH('Master Data'!$B$19, {"Los Angeles","San Diego","San Francisco","Palo Alto"},0), 'Cost Data Sheet'!$B$2:$B$1003, 'Cost Data Sheet'!$C$2:$C$1003, 'Cost Data Sheet'!$D$2:$D$1003, 'Cost Data Sheet'!$E$2:$E$1003 ) ), 0 ) ) ) + MIN( SUMPRODUCT( ('Service to CPT Map'!$A$2:$A$1017=$A19)* ('Service to CPT Map'!$B$2:$B$1017="Low")* ('Service to CPT Map'!$D$2:$D$1017="ASC")* IFERROR( _xlfn.XLOOKUP( 'Service to CPT Map'!$C$2:$C$1017, 'Cost Data Sheet'!$A$2:$A$1003, CHOOSE( MATCH('Master Data'!$B$19, {"Los Angeles","San Diego","San Francisco","Palo Alto"},0), 'Cost Data Sheet'!$B$2:$B$1003, 'Cost Data Sheet'!$C$2:$C$1003, 'Cost Data Sheet'!$D$2:$D$1003, 'Cost Data Sheet'!$E$2:$E$1003 ) ), 0 ) ), SUMPRODUCT( ('Service to CPT Map'!$A$2:$A$1017=$A19)* ('Service to CPT Map'!$B$2:$B$1017="Low")* ('Service to CPT Map'!$D$2:$D$1017="Outpatient")* IFERROR( _xlfn.XLOOKUP( 'Service to CPT Map'!$C$2:$C$1017, 'Cost Data Sheet'!$A$2:$A$1003, CHOOSE( MATCH('Master Data'!$B$19, {"Los Angeles","San Diego","San Francisco","Palo Alto"},0), 'Cost Data Sheet'!$B$2:$B$1003, 'Cost Data Sheet'!$C$2:$C$1003, 'Cost Data Sheet'!$D$2:$D$1003, 'Cost Data Sheet'!$E$2:$E$1003 ) ), 0 ) ) ) ) )} -> 0 | F19: {=IF( OR($A19="Single Lung Transplant",$A19="Double Lung Transplant"), E19, SUMPRODUCT( ('Service to CPT Map'!$A$2:$A$1017=$A19)* ('Service to CPT Map'!$B$2:$B$1017="High")* ('Service to CPT Map'!$D$2:$D$1017="Medical")* IFERROR( _xlfn.XLOOKUP( 'Service to CPT Map'!$C$2:$C$1017, 'Cost Data Sheet'!$A$2:$A$1003, CHOOSE( MATCH('Master Data'!$B$19, {"Los Angeles","San Diego","San Francisco","Palo Alto"},0), 'Cost Data Sheet'!$B$2:$B$1003, 'Cost Data Sheet'!$C$2:$C$1003, 'Cost Data Sheet'!$D$2:$D$1003, 'Cost Data Sheet'!$E$2:$E$1003 ) ), 0 ) ) + IF( COUNTIFS( 'Service to CPT Map'!$A$2:$A$1017,$A19, 'Service to CPT Map'!$B$2:$B$1017,"High", 'Service to CPT Map'!$D$2:$D$1017,"Anesthesia" )>0, SUMPRODUCT( ('Service to CPT Map'!$A$2:$A$1017=$A19)* ('Service to CPT Map'!$B$2:$B$1017="High")* ('Service to CPT Map'!$D$2:$D$1017="Anesthesia")* IFERROR( _xlfn.XLOOKUP( 'Service to CPT Map'!$C$2:$C$1017, 'Cost Data Sheet'!$A$2:$A$1003, CHOOSE( MATCH('Master Data'!$B$19, {"Los Angeles","San Diego","San Francisco","Palo Alto"},0), 'Cost Data Sheet'!$B$2:$B$1003, 'Cost Data Sheet'!$C$2:$C$1003, 'Cost Data Sheet'!$D$2:$D$1003, 'Cost Data Sheet'!$E$2:$E$1003 ) ), 0 ) ), SUMPRODUCT( ('Service to CPT Map'!$A$2:$A$1017=$A19)* ('Service to CPT Map'!$B$2:$B$1017="High")* ('Service to CPT Map'!$D$2:$D$1017="Medical - Sedation")* IFERROR( _xlfn.XLOOKUP( 'Service to CPT Map'!$C$2:$C$1017, 'Cost Data Sheet'!$A$2:$A$1003, CHOOSE( MATCH('Master Data'!$B$19, {"Los Angeles","San Diego","San Francisco","Palo Alto"},0), 'Cost Data Sheet'!$B$2:$B$1003, 'Cost Data Sheet'!$C$2:$C$1003, 'Cost Data Sheet'!$D$2:$D$1003, 'Cost Data Sheet'!$E$2:$E$1003 ) ), 0 ) ) ) + MAX( SUMPRODUCT( ('Service to CPT Map'!$A$2:$A$1017=$A19)* ('Service to CPT Map'!$B$2:$B$1017="High")* ('Service to CPT Map'!$D$2:$D$1017="ASC")* IFERROR( _xlfn.XLOOKUP( 'Service to CPT Map'!$C$2:$C$1017, 'Cost Data Sheet'!$A$2:$A$1003, CHOOSE( MATCH('Master Data'!$B$19, {"Los Angeles","San Diego","San Francisco","Palo Alto"},0), 'Cost Data Sheet'!$B$2:$B$1003, 'Cost Data Sheet'!$C$2:$C$1003, 'Cost Data Sheet'!$D$2:$D$1003, 'Cost Data Sheet'!$E$2:$E$1003 ) ), 0 ) ), SUMPRODUCT( ('Service to CPT Map'!$A$2:$A$1017=$A19)* ('Service to CPT Map'!$B$2:$B$1017="High")* ('Service to CPT Map'!$D$2:$D$1017="Outpatient")* IFERROR( _xlfn.XLOOKUP( 'Service to CPT Map'!$C$2:$C$1017, 'Cost Data Sheet'!$A$2:$A$1003, CHOOSE( MATCH('Master Data'!$B$19, {"Los Angeles","San Diego","San Francisco","Palo Alto"},0), 'Cost Data Sheet'!$B$2:$B$1003, 'Cost Data Sheet'!$C$2:$C$1003, 'Cost Data Sheet'!$D$2:$D$1003, 'Cost Data Sheet'!$E$2:$E$1003 ) ), 0 ) ) ) )} -> 0 | G19: =IF(E19<F19,CONCATENATE(TEXT(E19,"$#,##0.00"),CHAR(10)," - ",CHAR(10),TEXT(F19,"$#,##0.00")),TEXT(E19,"$#,##0.00")) -> $0.00 | L19: =IF(LEN(K19)=0,IF(LEN(J19)=0,"lifetime",IF(J19=1,"year","years")),"years") -> lifetime | M19: =IF(L19="lifetime", IF(I19<>"", H19 & "-" & I19 & "x/lifetime", H19 & "x/lifetime"), IF(D19='Master Data'!$B$8, AD19 & AE19, AD19 & AE19 & AC19)) -> x/lifetime | N19: =ROUND(IF(OR(EXACT(TimeValue,"years"),EXACT(TimeValue,"year")),IF(OR(MinTimePeriod>0,MaxTimePeriod>0),MinFreq*MinCost/(IF(MaxTimePeriod>0,MaxTimePeriod,MinTimePeriod)),0),IF(EXACT(TimeValue,"lifetime"),0,IF(OR(EXACT(TimeValue,"month"),EXACT(TimeValue,"months")),IF(OR(MinTimePeriod>0,MaxTimePeriod>0),MinFreq*MinCost/(IF(MaxTimePeriod>0,MaxTimePeriod/12,MinTimePeriod/12)),0),IF(OR(EXACT(TimeValue,"week"),EXACT(TimeValue,"weeks")),IF(OR(MinTimePeriod>0,MaxTimePeriod>0),MinFreq*MinCost/(IF(MaxTimePeriod>0,MaxTimePeriod/52,MinTimePeriod/52)),0),IF(OR(EXACT(TimeValue,"day"),EXACT(TimeValue,"days")),IF(OR(MinTimePeriod>0,MaxTimePeriod>0),MinFreq*MinCost/(IF(MaxTimePeriod>0,MaxTimePeriod/365,MinTimePeriod/365))),"invalidinput"))))),2) -> 0 | O19: =ROUND(IF(TimeValue="lifetime",0,IF(OR(EXACT(TimeValue,"years"),EXACT(TimeValue,"year")),IF(OR(MinTimePeriod>0,MaxTimePeriod>0),(IF(MaxFreq>0,MaxFreq,MinFreq))*MaxCost/MinTimePeriod),IF(OR(EXACT(TimeValue,"month"),EXACT(TimeValue,"months")),IF(OR(MinTimePeriod>0,MaxTimePeriod>0),(IF(MaxFreq>0,MaxFreq,MinFreq))*MaxCost/(MinTimePeriod/12),0),IF(OR(EXACT(TimeValue,"week"),EXACT(TimeValue,"weeks")),IF(OR(MinTimePeriod>0,MaxTimePeriod>0),IF(MaxFreq>0,MaxFreq,MinFreq))*MaxCost/(MinTimePeriod/52),IF(OR(EXACT(TimeValue,"day"),EXACT(TimeValue,"days")),IF(OR(MinTimePeriod>0,MaxTimePeriod>0),IF(MaxFreq>0,MaxFreq,MinFreq))*MaxCost/(MinTimePeriod/365),"invalidinput"))))),2) -> 0 | P19: =IF(N19<O19,CONCATENATE(TEXT(N19,"$#,###.00"),CHAR(10)," - ",CHAR(10),TEXT(O19,"$#,####.00")),TEXT(N19,"$0.00")) -> $0.00 | Q19: =ROUND(IF(TimeValue="lifetime",MinCost*MinFreq,0),2) -> 0 | R19: =ROUND(IF(AND(TimeValue="lifetime",MaxFreq<1),MinFreq*MaxCost,IF(AND(TimeValue="lifetime",MaxFreq>=1),MaxFreq*MaxCost,0)),2) -> 0 | S19: =IF(Q19<R19,CONCATENATE(TEXT(Q19,"$#,##0.00"),CHAR(10)," - ",CHAR(10),TEXT(R19,"$#,##0.00")),TEXT(Q19,"$#,##0.00")) -> $0.00 | AA19: =IF(L19="lifetime", "one-time cost", IF(D19='Master Data'!$B$8, AD19 & AE19, AD19 & AE19 & AC19)) -> one-time cost | AB19: =IF(L19="lifetime", IF(I19<>"", H19 & "-" & I19 & "x/lifetime", H19 & "x/lifetime"), "ongoing cost") -> x/lifetime | AC19: =IF(Table14[[#This Row],[Duration (Years):]]<>'Master Data'!$B$8,CONCATENATE(",",CHAR(10),"for ",Table14[[#This Row],[Duration (Years):]]," years"),"lifelong") -> , for 0 years | AD19: =IF(L19="lifetime", "one-time cost", IF(I19<>"", H19 & "-" & I19 & "x/", H19 & "x/")) -> one-time cost | AE19: =IF(L19="lifetime", "one-time cost", IF(K19<>"", J19 & "-" & K19 & " " & L19, IF(J19>1, J19 & " " & L19, L19))) -> one-time cost
B20: ='Master Data'!$B$6 -> 126.3 | C20: ='Master Data'!$B$7 -> 136.3 | D20: =ROUND(C26-B26,1) -> 0 | E20: {=IF( $A20="Single Lung Transplant", _xlfn.XLOOKUP(1,'Cost Data Sheet'!$A$2:$A$1003,'Cost Data Sheet'!$F$2:$F$1003), IF( $A20="Double Lung Transplant", _xlfn.XLOOKUP(2,'Cost Data Sheet'!$A$2:$A$1003,'Cost Data Sheet'!$F$2:$F$1003), SUMPRODUCT( ('Service to CPT Map'!$A$2:$A$1017=$A20)* ('Service to CPT Map'!$B$2:$B$1017="Low")* ('Service to CPT Map'!$D$2:$D$1017="Medical")* IFERROR( _xlfn.XLOOKUP( 'Service to CPT Map'!$C$2:$C$1017, 'Cost Data Sheet'!$A$2:$A$1003, CHOOSE( MATCH('Master Data'!$B$19, {"Los Angeles","San Diego","San Francisco","Palo Alto"},0), 'Cost Data Sheet'!$B$2:$B$1003, 'Cost Data Sheet'!$C$2:$C$1003, 'Cost Data Sheet'!$D$2:$D$1003, 'Cost Data Sheet'!$E$2:$E$1003 ) ), 0 ) ) + IF( COUNTIFS( 'Service to CPT Map'!$A$2:$A$1017,$A20, 'Service to CPT Map'!$B$2:$B$1017,"Low", 'Service to CPT Map'!$D$2:$D$1017,"Anesthesia" )>0, SUMPRODUCT( ('Service to CPT Map'!$A$2:$A$1017=$A20)* ('Service to CPT Map'!$B$2:$B$1017="Low")* ('Service to CPT Map'!$D$2:$D$1017="Anesthesia")* IFERROR( _xlfn.XLOOKUP( 'Service to CPT Map'!$C$2:$C$1017, 'Cost Data Sheet'!$A$2:$A$1003, CHOOSE( MATCH('Master Data'!$B$19, {"Los Angeles","San Diego","San Francisco","Palo Alto"},0), 'Cost Data Sheet'!$B$2:$B$1003, 'Cost Data Sheet'!$C$2:$C$1003, 'Cost Data Sheet'!$D$2:$D$1003, 'Cost Data Sheet'!$E$2:$E$1003 ) ), 0 ) ), SUMPRODUCT( ('Service to CPT Map'!$A$2:$A$1017=$A20)* ('Service to CPT Map'!$B$2:$B$1017="Low")* ('Service to CPT Map'!$D$2:$D$1017="Medical - Sedation")* IFERROR( _xlfn.XLOOKUP( 'Service to CPT Map'!$C$2:$C$1017, 'Cost Data Sheet'!$A$2:$A$1003, CHOOSE( MATCH('Master Data'!$B$19, {"Los Angeles","San Diego","San Francisco","Palo Alto"},0), 'Cost Data Sheet'!$B$2:$B$1003, 'Cost Data Sheet'!$C$2:$C$1003, 'Cost Data Sheet'!$D$2:$D$1003, 'Cost Data Sheet'!$E$2:$E$1003 ) ), 0 ) ) ) + MIN( SUMPRODUCT( ('Service to CPT Map'!$A$2:$A$1017=$A20)* ('Service to CPT Map'!$B$2:$B$1017="Low")* ('Service to CPT Map'!$D$2:$D$1017="ASC")* IFERROR( _xlfn.XLOOKUP( 'Service to CPT Map'!$C$2:$C$1017, 'Cost Data Sheet'!$A$2:$A$1003, CHOOSE( MATCH('Master Data'!$B$19, {"Los Angeles","San Diego","San Francisco","Palo Alto"},0), 'Cost Data Sheet'!$B$2:$B$1003, 'Cost Data Sheet'!$C$2:$C$1003, 'Cost Data Sheet'!$D$2:$D$1003, 'Cost Data Sheet'!$E$2:$E$1003 ) ), 0 ) ), SUMPRODUCT( ('Service to CPT Map'!$A$2:$A$1017=$A20)* ('Service to CPT Map'!$B$2:$B$1017="Low")* ('Service to CPT Map'!$D$2:$D$1017="Outpatient")* IFERROR( _xlfn.XLOOKUP( 'Service to CPT Map'!$C$2:$C$1017, 'Cost Data Sheet'!$A$2:$A$1003, CHOOSE( MATCH('Master Data'!$B$19, {"Los Angeles","San Diego","San Francisco","Palo Alto"},0), 'Cost Data Sheet'!$B$2:$B$1003, 'Cost Data Sheet'!$C$2:$C$1003, 'Cost Data Sheet'!$D$2:$D$1003, 'Cost Data Sheet'!$E$2:$E$1003 ) ), 0 ) ) ) ) )} -> 0 | F20: {=IF( OR($A20="Single Lung Transplant",$A20="Double Lung Transplant"), E20, SUMPRODUCT( ('Service to CPT Map'!$A$2:$A$1017=$A20)* ('Service to CPT Map'!$B$2:$B$1017="High")* ('Service to CPT Map'!$D$2:$D$1017="Medical")* IFERROR( _xlfn.XLOOKUP( 'Service to CPT Map'!$C$2:$C$1017, 'Cost Data Sheet'!$A$2:$A$1003, CHOOSE( MATCH('Master Data'!$B$19, {"Los Angeles","San Diego","San Francisco","Palo Alto"},0), 'Cost Data Sheet'!$B$2:$B$1003, 'Cost Data Sheet'!$C$2:$C$1003, 'Cost Data Sheet'!$D$2:$D$1003, 'Cost Data Sheet'!$E$2:$E$1003 ) ), 0 ) ) + IF( COUNTIFS( 'Service to CPT Map'!$A$2:$A$1017,$A20, 'Service to CPT Map'!$B$2:$B$1017,"High", 'Service to CPT Map'!$D$2:$D$1017,"Anesthesia" )>0, SUMPRODUCT( ('Service to CPT Map'!$A$2:$A$1017=$A20)* ('Service to CPT Map'!$B$2:$B$1017="High")* ('Service to CPT Map'!$D$2:$D$1017="Anesthesia")* IFERROR( _xlfn.XLOOKUP( 'Service to CPT Map'!$C$2:$C$1017, 'Cost Data Sheet'!$A$2:$A$1003, CHOOSE( MATCH('Master Data'!$B$19, {"Los Angeles","San Diego","San Francisco","Palo Alto"},0), 'Cost Data Sheet'!$B$2:$B$1003, 'Cost Data Sheet'!$C$2:$C$1003, 'Cost Data Sheet'!$D$2:$D$1003, 'Cost Data Sheet'!$E$2:$E$1003 ) ), 0 ) ), SUMPRODUCT( ('Service to CPT Map'!$A$2:$A$1017=$A20)* ('Service to CPT Map'!$B$2:$B$1017="High")* ('Service to CPT Map'!$D$2:$D$1017="Medical - Sedation")* IFERROR( _xlfn.XLOOKUP( 'Service to CPT Map'!$C$2:$C$1017, 'Cost Data Sheet'!$A$2:$A$1003, CHOOSE( MATCH('Master Data'!$B$19, {"Los Angeles","San Diego","San Francisco","Palo Alto"},0), 'Cost Data Sheet'!$B$2:$B$1003, 'Cost Data Sheet'!$C$2:$C$1003, 'Cost Data Sheet'!$D$2:$D$1003, 'Cost Data Sheet'!$E$2:$E$1003 ) ), 0 ) ) ) + MAX( SUMPRODUCT( ('Service to CPT Map'!$A$2:$A$1017=$A20)* ('Service to CPT Map'!$B$2:$B$1017="High")* ('Service to CPT Map'!$D$2:$D$1017="ASC")* IFERROR( _xlfn.XLOOKUP( 'Service to CPT Map'!$C$2:$C$1017, 'Cost Data Sheet'!$A$2:$A$1003, CHOOSE( MATCH('Master Data'!$B$19, {"Los Angeles","San Diego","San Francisco","Palo Alto"},0), 'Cost Data Sheet'!$B$2:$B$1003, 'Cost Data Sheet'!$C$2:$C$1003, 'Cost Data Sheet'!$D$2:$D$1003, 'Cost Data Sheet'!$E$2:$E$1003 ) ), 0 ) ), SUMPRODUCT( ('Service to CPT Map'!$A$2:$A$1017=$A20)* ('Service to CPT Map'!$B$2:$B$1017="High")* ('Service to CPT Map'!$D$2:$D$1017="Outpatient")* IFERROR( _xlfn.XLOOKUP( 'Service to CPT Map'!$C$2:$C$1017, 'Cost Data Sheet'!$A$2:$A$1003, CHOOSE( MATCH('Master Data'!$B$19, {"Los Angeles","San Diego","San Francisco","Palo Alto"},0), 'Cost Data Sheet'!$B$2:$B$1003, 'Cost Data Sheet'!$C$2:$C$1003, 'Cost Data Sheet'!$D$2:$D$1003, 'Cost Data Sheet'!$E$2:$E$1003 ) ), 0 ) ) ) )} -> 0 | G20: =IF(E20<F20,CONCATENATE(TEXT(E20,"$#,##0.00"),CHAR(10)," - ",CHAR(10),TEXT(F20,"$#,##0.00")),TEXT(E20,"$#,##0.00")) -> $0.00 | L20: =IF(LEN(K20)=0,IF(LEN(J20)=0,"lifetime",IF(J20=1,"year","years")),"years") -> lifetime | M20: =IF(L20="lifetime", IF(I20<>"", H20 & "-" & I20 & "x/lifetime", H20 & "x/lifetime"), IF(D20='Master Data'!$B$8, AD20 & AE20, AD20 & AE20 & AC20)) -> x/lifetime | N20: =ROUND(IF(OR(EXACT(TimeValue,"years"),EXACT(TimeValue,"year")),IF(OR(MinTimePeriod>0,MaxTimePeriod>0),MinFreq*MinCost/(IF(MaxTimePeriod>0,MaxTimePeriod,MinTimePeriod)),0),IF(EXACT(TimeValue,"lifetime"),0,IF(OR(EXACT(TimeValue,"month"),EXACT(TimeValue,"months")),IF(OR(MinTimePeriod>0,MaxTimePeriod>0),MinFreq*MinCost/(IF(MaxTimePeriod>0,MaxTimePeriod/12,MinTimePeriod/12)),0),IF(OR(EXACT(TimeValue,"week"),EXACT(TimeValue,"weeks")),IF(OR(MinTimePeriod>0,MaxTimePeriod>0),MinFreq*MinCost/(IF(MaxTimePeriod>0,MaxTimePeriod/52,MinTimePeriod/52)),0),IF(OR(EXACT(TimeValue,"day"),EXACT(TimeValue,"days")),IF(OR(MinTimePeriod>0,MaxTimePeriod>0),MinFreq*MinCost/(IF(MaxTimePeriod>0,MaxTimePeriod/365,MinTimePeriod/365))),"invalidinput"))))),2) -> 0 | O20: =ROUND(IF(TimeValue="lifetime",0,IF(OR(EXACT(TimeValue,"years"),EXACT(TimeValue,"year")),IF(OR(MinTimePeriod>0,MaxTimePeriod>0),(IF(MaxFreq>0,MaxFreq,MinFreq))*MaxCost/MinTimePeriod),IF(OR(EXACT(TimeValue,"month"),EXACT(TimeValue,"months")),IF(OR(MinTimePeriod>0,MaxTimePeriod>0),(IF(MaxFreq>0,MaxFreq,MinFreq))*MaxCost/(MinTimePeriod/12),0),IF(OR(EXACT(TimeValue,"week"),EXACT(TimeValue,"weeks")),IF(OR(MinTimePeriod>0,MaxTimePeriod>0),IF(MaxFreq>0,MaxFreq,MinFreq))*MaxCost/(MinTimePeriod/52),IF(OR(EXACT(TimeValue,"day"),EXACT(TimeValue,"days")),IF(OR(MinTimePeriod>0,MaxTimePeriod>0),IF(MaxFreq>0,MaxFreq,MinFreq))*MaxCost/(MinTimePeriod/365),"invalidinput"))))),2) -> 0 | P20: =IF(N20<O20,CONCATENATE(TEXT(N20,"$#,###.00"),CHAR(10)," - ",CHAR(10),TEXT(O20,"$#,####.00")),TEXT(N20,"$0.00")) -> $0.00 | Q20: =ROUND(IF(TimeValue="lifetime",MinCost*MinFreq,0),2) -> 0 | R20: =ROUND(IF(AND(TimeValue="lifetime",MaxFreq<1),MinFreq*MaxCost,IF(AND(TimeValue="lifetime",MaxFreq>=1),MaxFreq*MaxCost,0)),2) -> 0 | S20: =IF(Q20<R20,CONCATENATE(TEXT(Q20,"$#,##0.00"),CHAR(10)," - ",CHAR(10),TEXT(R20,"$#,##0.00")),TEXT(Q20,"$#,##0.00")) -> $0.00 | AA20: =IF(L20="lifetime", "one-time cost", IF(D20='Master Data'!$B$8, AD20 & AE20, AD20 & AE20 & AC20)) -> one-time cost | AB20: =IF(L20="lifetime", IF(I20<>"", H20 & "-" & I20 & "x/lifetime", H20 & "x/lifetime"), "ongoing cost") -> x/lifetime | AC20: =IF(Table14[[#This Row],[Duration (Years):]]<>'Master Data'!$B$8,CONCATENATE(",",CHAR(10),"for ",Table14[[#This Row],[Duration (Years):]]," years"),"lifelong") -> , for 0 years | AD20: =IF(L20="lifetime", "one-time cost", IF(I20<>"", H20 & "-" & I20 & "x/", H20 & "x/")) -> one-time cost | AE20: =IF(L20="lifetime", "one-time cost", IF(K20<>"", J20 & "-" & K20 & " " & L20, IF(J20>1, J20 & " " & L20, L20))) -> one-time cost
B21: ='Master Data'!$B$6 -> 126.3 | C21: ='Master Data'!$B$7 -> 136.3 | D21: =ROUND(C26-B26,1) -> 0 | E21: {=IF( $A21="Single Lung Transplant", _xlfn.XLOOKUP(1,'Cost Data Sheet'!$A$2:$A$1003,'Cost Data Sheet'!$F$2:$F$1003), IF( $A21="Double Lung Transplant", _xlfn.XLOOKUP(2,'Cost Data Sheet'!$A$2:$A$1003,'Cost Data Sheet'!$F$2:$F$1003), SUMPRODUCT( ('Service to CPT Map'!$A$2:$A$1017=$A21)* ('Service to CPT Map'!$B$2:$B$1017="Low")* ('Service to CPT Map'!$D$2:$D$1017="Medical")* IFERROR( _xlfn.XLOOKUP( 'Service to CPT Map'!$C$2:$C$1017, 'Cost Data Sheet'!$A$2:$A$1003, CHOOSE( MATCH('Master Data'!$B$19, {"Los Angeles","San Diego","San Francisco","Palo Alto"},0), 'Cost Data Sheet'!$B$2:$B$1003, 'Cost Data Sheet'!$C$2:$C$1003, 'Cost Data Sheet'!$D$2:$D$1003, 'Cost Data Sheet'!$E$2:$E$1003 ) ), 0 ) ) + IF( COUNTIFS( 'Service to CPT Map'!$A$2:$A$1017,$A21, 'Service to CPT Map'!$B$2:$B$1017,"Low", 'Service to CPT Map'!$D$2:$D$1017,"Anesthesia" )>0, SUMPRODUCT( ('Service to CPT Map'!$A$2:$A$1017=$A21)* ('Service to CPT Map'!$B$2:$B$1017="Low")* ('Service to CPT Map'!$D$2:$D$1017="Anesthesia")* IFERROR( _xlfn.XLOOKUP( 'Service to CPT Map'!$C$2:$C$1017, 'Cost Data Sheet'!$A$2:$A$1003, CHOOSE( MATCH('Master Data'!$B$19, {"Los Angeles","San Diego","San Francisco","Palo Alto"},0), 'Cost Data Sheet'!$B$2:$B$1003, 'Cost Data Sheet'!$C$2:$C$1003, 'Cost Data Sheet'!$D$2:$D$1003, 'Cost Data Sheet'!$E$2:$E$1003 ) ), 0 ) ), SUMPRODUCT( ('Service to CPT Map'!$A$2:$A$1017=$A21)* ('Service to CPT Map'!$B$2:$B$1017="Low")* ('Service to CPT Map'!$D$2:$D$1017="Medical - Sedation")* IFERROR( _xlfn.XLOOKUP( 'Service to CPT Map'!$C$2:$C$1017, 'Cost Data Sheet'!$A$2:$A$1003, CHOOSE( MATCH('Master Data'!$B$19, {"Los Angeles","San Diego","San Francisco","Palo Alto"},0), 'Cost Data Sheet'!$B$2:$B$1003, 'Cost Data Sheet'!$C$2:$C$1003, 'Cost Data Sheet'!$D$2:$D$1003, 'Cost Data Sheet'!$E$2:$E$1003 ) ), 0 ) ) ) + MIN( SUMPRODUCT( ('Service to CPT Map'!$A$2:$A$1017=$A21)* ('Service to CPT Map'!$B$2:$B$1017="Low")* ('Service to CPT Map'!$D$2:$D$1017="ASC")* IFERROR( _xlfn.XLOOKUP( 'Service to CPT Map'!$C$2:$C$1017, 'Cost Data Sheet'!$A$2:$A$1003, CHOOSE( MATCH('Master Data'!$B$19, {"Los Angeles","San Diego","San Francisco","Palo Alto"},0), 'Cost Data Sheet'!$B$2:$B$1003, 'Cost Data Sheet'!$C$2:$C$1003, 'Cost Data Sheet'!$D$2:$D$1003, 'Cost Data Sheet'!$E$2:$E$1003 ) ), 0 ) ), SUMPRODUCT( ('Service to CPT Map'!$A$2:$A$1017=$A21)* ('Service to CPT Map'!$B$2:$B$1017="Low")* ('Service to CPT Map'!$D$2:$D$1017="Outpatient")* IFERROR( _xlfn.XLOOKUP( 'Service to CPT Map'!$C$2:$C$1017, 'Cost Data Sheet'!$A$2:$A$1003, CHOOSE( MATCH('Master Data'!$B$19, {"Los Angeles","San Diego","San Francisco","Palo Alto"},0), 'Cost Data Sheet'!$B$2:$B$1003, 'Cost Data Sheet'!$C$2:$C$1003, 'Cost Data Sheet'!$D$2:$D$1003, 'Cost Data Sheet'!$E$2:$E$1003 ) ), 0 ) ) ) ) )} -> 0 | F21: {=IF( OR($A21="Single Lung Transplant",$A21="Double Lung Transplant"), E21, SUMPRODUCT( ('Service to CPT Map'!$A$2:$A$1017=$A21)* ('Service to CPT Map'!$B$2:$B$1017="High")* ('Service to CPT Map'!$D$2:$D$1017="Medical")* IFERROR( _xlfn.XLOOKUP( 'Service to CPT Map'!$C$2:$C$1017, 'Cost Data Sheet'!$A$2:$A$1003, CHOOSE( MATCH('Master Data'!$B$19, {"Los Angeles","San Diego","San Francisco","Palo Alto"},0), 'Cost Data Sheet'!$B$2:$B$1003, 'Cost Data Sheet'!$C$2:$C$1003, 'Cost Data Sheet'!$D$2:$D$1003, 'Cost Data Sheet'!$E$2:$E$1003 ) ), 0 ) ) + IF( COUNTIFS( 'Service to CPT Map'!$A$2:$A$1017,$A21, 'Service to CPT Map'!$B$2:$B$1017,"High", 'Service to CPT Map'!$D$2:$D$1017,"Anesthesia" )>0, SUMPRODUCT( ('Service to CPT Map'!$A$2:$A$1017=$A21)* ('Service to CPT Map'!$B$2:$B$1017="High")* ('Service to CPT Map'!$D$2:$D$1017="Anesthesia")* IFERROR( _xlfn.XLOOKUP( 'Service to CPT Map'!$C$2:$C$1017, 'Cost Data Sheet'!$A$2:$A$1003, CHOOSE( MATCH('Master Data'!$B$19, {"Los Angeles","San Diego","San Francisco","Palo Alto"},0), 'Cost Data Sheet'!$B$2:$B$1003, 'Cost Data Sheet'!$C$2:$C$1003, 'Cost Data Sheet'!$D$2:$D$1003, 'Cost Data Sheet'!$E$2:$E$1003 ) ), 0 ) ), SUMPRODUCT( ('Service to CPT Map'!$A$2:$A$1017=$A21)* ('Service to CPT Map'!$B$2:$B$1017="High")* ('Service to CPT Map'!$D$2:$D$1017="Medical - Sedation")* IFERROR( _xlfn.XLOOKUP( 'Service to CPT Map'!$C$2:$C$1017, 'Cost Data Sheet'!$A$2:$A$1003, CHOOSE( MATCH('Master Data'!$B$19, {"Los Angeles","San Diego","San Francisco","Palo Alto"},0), 'Cost Data Sheet'!$B$2:$B$1003, 'Cost Data Sheet'!$C$2:$C$1003, 'Cost Data Sheet'!$D$2:$D$1003, 'Cost Data Sheet'!$E$2:$E$1003 ) ), 0 ) ) ) + MAX( SUMPRODUCT( ('Service to CPT Map'!$A$2:$A$1017=$A21)* ('Service to CPT Map'!$B$2:$B$1017="High")* ('Service to CPT Map'!$D$2:$D$1017="ASC")* IFERROR( _xlfn.XLOOKUP( 'Service to CPT Map'!$C$2:$C$1017, 'Cost Data Sheet'!$A$2:$A$1003, CHOOSE( MATCH('Master Data'!$B$19, {"Los Angeles","San Diego","San Francisco","Palo Alto"},0), 'Cost Data Sheet'!$B$2:$B$1003, 'Cost Data Sheet'!$C$2:$C$1003, 'Cost Data Sheet'!$D$2:$D$1003, 'Cost Data Sheet'!$E$2:$E$1003 ) ), 0 ) ), SUMPRODUCT( ('Service to CPT Map'!$A$2:$A$1017=$A21)* ('Service to CPT Map'!$B$2:$B$1017="High")* ('Service to CPT Map'!$D$2:$D$1017="Outpatient")* IFERROR( _xlfn.XLOOKUP( 'Service to CPT Map'!$C$2:$C$1017, 'Cost Data Sheet'!$A$2:$A$1003, CHOOSE( MATCH('Master Data'!$B$19, {"Los Angeles","San Diego","San Francisco","Palo Alto"},0), 'Cost Data Sheet'!$B$2:$B$1003, 'Cost Data Sheet'!$C$2:$C$1003, 'Cost Data Sheet'!$D$2:$D$1003, 'Cost Data Sheet'!$E$2:$E$1003 ) ), 0 ) ) ) )} -> 0 | G21: =IF(E21<F21,CONCATENATE(TEXT(E21,"$#,##0.00"),CHAR(10)," - ",CHAR(10),TEXT(F21,"$#,##0.00")),TEXT(E21,"$#,##0.00")) -> $0.00 | L21: =IF(LEN(K21)=0,IF(LEN(J21)=0,"lifetime",IF(J21=1,"year","years")),"years") -> lifetime | M21: =IF(L21="lifetime", IF(I21<>"", H21 & "-" & I21 & "x/lifetime", H21 & "x/lifetime"), IF(D21='Master Data'!$B$8, AD21 & AE21, AD21 & AE21 & AC21)) -> x/lifetime | N21: =ROUND(IF(OR(EXACT(TimeValue,"years"),EXACT(TimeValue,"year")),IF(OR(MinTimePeriod>0,MaxTimePeriod>0),MinFreq*MinCost/(IF(MaxTimePeriod>0,MaxTimePeriod,MinTimePeriod)),0),IF(EXACT(TimeValue,"lifetime"),0,IF(OR(EXACT(TimeValue,"month"),EXACT(TimeValue,"months")),IF(OR(MinTimePeriod>0,MaxTimePeriod>0),MinFreq*MinCost/(IF(MaxTimePeriod>0,MaxTimePeriod/12,MinTimePeriod/12)),0),IF(OR(EXACT(TimeValue,"week"),EXACT(TimeValue,"weeks")),IF(OR(MinTimePeriod>0,MaxTimePeriod>0),MinFreq*MinCost/(IF(MaxTimePeriod>0,MaxTimePeriod/52,MinTimePeriod/52)),0),IF(OR(EXACT(TimeValue,"day"),EXACT(TimeValue,"days")),IF(OR(MinTimePeriod>0,MaxTimePeriod>0),MinFreq*MinCost/(IF(MaxTimePeriod>0,MaxTimePeriod/365,MinTimePeriod/365))),"invalidinput"))))),2) -> 0 | O21: =ROUND(IF(TimeValue="lifetime",0,IF(OR(EXACT(TimeValue,"years"),EXACT(TimeValue,"year")),IF(OR(MinTimePeriod>0,MaxTimePeriod>0),(IF(MaxFreq>0,MaxFreq,MinFreq))*MaxCost/MinTimePeriod),IF(OR(EXACT(TimeValue,"month"),EXACT(TimeValue,"months")),IF(OR(MinTimePeriod>0,MaxTimePeriod>0),(IF(MaxFreq>0,MaxFreq,MinFreq))*MaxCost/(MinTimePeriod/12),0),IF(OR(EXACT(TimeValue,"week"),EXACT(TimeValue,"weeks")),IF(OR(MinTimePeriod>0,MaxTimePeriod>0),IF(MaxFreq>0,MaxFreq,MinFreq))*MaxCost/(MinTimePeriod/52),IF(OR(EXACT(TimeValue,"day"),EXACT(TimeValue,"days")),IF(OR(MinTimePeriod>0,MaxTimePeriod>0),IF(MaxFreq>0,MaxFreq,MinFreq))*MaxCost/(MinTimePeriod/365),"invalidinput"))))),2) -> 0 | P21: =IF(N21<O21,CONCATENATE(TEXT(N21,"$#,###.00"),CHAR(10)," - ",CHAR(10),TEXT(O21,"$#,####.00")),TEXT(N21,"$0.00")) -> $0.00 | Q21: =ROUND(IF(TimeValue="lifetime",MinCost*MinFreq,0),2) -> 0 | R21: =ROUND(IF(AND(TimeValue="lifetime",MaxFreq<1),MinFreq*MaxCost,IF(AND(TimeValue="lifetime",MaxFreq>=1),MaxFreq*MaxCost,0)),2) -> 0 | S21: =IF(Q21<R21,CONCATENATE(TEXT(Q21,"$#,##0.00"),CHAR(10)," - ",CHAR(10),TEXT(R21,"$#,##0.00")),TEXT(Q21,"$#,##0.00")) -> $0.00 | AA21: =IF(L21="lifetime", "one-time cost", IF(D21='Master Data'!$B$8, AD21 & AE21, AD21 & AE21 & AC21)) -> one-time cost | AB21: =IF(L21="lifetime", IF(I21<>"", H21 & "-" & I21 & "x/lifetime", H21 & "x/lifetime"), "ongoing cost") -> x/lifetime | AC21: =IF(Table14[[#This Row],[Duration (Years):]]<>'Master Data'!$B$8,CONCATENATE(",",CHAR(10),"for ",Table14[[#This Row],[Duration (Years):]]," years"),"lifelong") -> , for 0 years | AD21: =IF(L21="lifetime", "one-time cost", IF(I21<>"", H21 & "-" & I21 & "x/", H21 & "x/")) -> one-time cost | AE21: =IF(L21="lifetime", "one-time cost", IF(K21<>"", J21 & "-" & K21 & " " & L21, IF(J21>1, J21 & " " & L21, L21))) -> one-time cost
B22: ='Master Data'!$B$6 -> 126.3 | C22: ='Master Data'!$B$7 -> 136.3 | D22: =ROUND(C26-B26,1) -> 0 | E22: {=IF( $A22="Single Lung Transplant", _xlfn.XLOOKUP(1,'Cost Data Sheet'!$A$2:$A$1003,'Cost Data Sheet'!$F$2:$F$1003), IF( $A22="Double Lung Transplant", _xlfn.XLOOKUP(2,'Cost Data Sheet'!$A$2:$A$1003,'Cost Data Sheet'!$F$2:$F$1003), SUMPRODUCT( ('Service to CPT Map'!$A$2:$A$1017=$A22)* ('Service to CPT Map'!$B$2:$B$1017="Low")* ('Service to CPT Map'!$D$2:$D$1017="Medical")* IFERROR( _xlfn.XLOOKUP( 'Service to CPT Map'!$C$2:$C$1017, 'Cost Data Sheet'!$A$2:$A$1003, CHOOSE( MATCH('Master Data'!$B$19, {"Los Angeles","San Diego","San Francisco","Palo Alto"},0), 'Cost Data Sheet'!$B$2:$B$1003, 'Cost Data Sheet'!$C$2:$C$1003, 'Cost Data Sheet'!$D$2:$D$1003, 'Cost Data Sheet'!$E$2:$E$1003 ) ), 0 ) ) + IF( COUNTIFS( 'Service to CPT Map'!$A$2:$A$1017,$A22, 'Service to CPT Map'!$B$2:$B$1017,"Low", 'Service to CPT Map'!$D$2:$D$1017,"Anesthesia" )>0, SUMPRODUCT( ('Service to CPT Map'!$A$2:$A$1017=$A22)* ('Service to CPT Map'!$B$2:$B$1017="Low")* ('Service to CPT Map'!$D$2:$D$1017="Anesthesia")* IFERROR( _xlfn.XLOOKUP( 'Service to CPT Map'!$C$2:$C$1017, 'Cost Data Sheet'!$A$2:$A$1003, CHOOSE( MATCH('Master Data'!$B$19, {"Los Angeles","San Diego","San Francisco","Palo Alto"},0), 'Cost Data Sheet'!$B$2:$B$1003, 'Cost Data Sheet'!$C$2:$C$1003, 'Cost Data Sheet'!$D$2:$D$1003, 'Cost Data Sheet'!$E$2:$E$1003 ) ), 0 ) ), SUMPRODUCT( ('Service to CPT Map'!$A$2:$A$1017=$A22)* ('Service to CPT Map'!$B$2:$B$1017="Low")* ('Service to CPT Map'!$D$2:$D$1017="Medical - Sedation")* IFERROR( _xlfn.XLOOKUP( 'Service to CPT Map'!$C$2:$C$1017, 'Cost Data Sheet'!$A$2:$A$1003, CHOOSE( MATCH('Master Data'!$B$19, {"Los Angeles","San Diego","San Francisco","Palo Alto"},0), 'Cost Data Sheet'!$B$2:$B$1003, 'Cost Data Sheet'!$C$2:$C$1003, 'Cost Data Sheet'!$D$2:$D$1003, 'Cost Data Sheet'!$E$2:$E$1003 ) ), 0 ) ) ) + MIN( SUMPRODUCT( ('Service to CPT Map'!$A$2:$A$1017=$A22)* ('Service to CPT Map'!$B$2:$B$1017="Low")* ('Service to CPT Map'!$D$2:$D$1017="ASC")* IFERROR( _xlfn.XLOOKUP( 'Service to CPT Map'!$C$2:$C$1017, 'Cost Data Sheet'!$A$2:$A$1003, CHOOSE( MATCH('Master Data'!$B$19, {"Los Angeles","San Diego","San Francisco","Palo Alto"},0), 'Cost Data Sheet'!$B$2:$B$1003, 'Cost Data Sheet'!$C$2:$C$1003, 'Cost Data Sheet'!$D$2:$D$1003, 'Cost Data Sheet'!$E$2:$E$1003 ) ), 0 ) ), SUMPRODUCT( ('Service to CPT Map'!$A$2:$A$1017=$A22)* ('Service to CPT Map'!$B$2:$B$1017="Low")* ('Service to CPT Map'!$D$2:$D$1017="Outpatient")* IFERROR( _xlfn.XLOOKUP( 'Service to CPT Map'!$C$2:$C$1017, 'Cost Data Sheet'!$A$2:$A$1003, CHOOSE( MATCH('Master Data'!$B$19, {"Los Angeles","San Diego","San Francisco","Palo Alto"},0), 'Cost Data Sheet'!$B$2:$B$1003, 'Cost Data Sheet'!$C$2:$C$1003, 'Cost Data Sheet'!$D$2:$D$1003, 'Cost Data Sheet'!$E$2:$E$1003 ) ), 0 ) ) ) ) )} -> 0 | F22: {=IF( OR($A22="Single Lung Transplant",$A22="Double Lung Transplant"), E22, SUMPRODUCT( ('Service to CPT Map'!$A$2:$A$1017=$A22)* ('Service to CPT Map'!$B$2:$B$1017="High")* ('Service to CPT Map'!$D$2:$D$1017="Medical")* IFERROR( _xlfn.XLOOKUP( 'Service to CPT Map'!$C$2:$C$1017, 'Cost Data Sheet'!$A$2:$A$1003, CHOOSE( MATCH('Master Data'!$B$19, {"Los Angeles","San Diego","San Francisco","Palo Alto"},0), 'Cost Data Sheet'!$B$2:$B$1003, 'Cost Data Sheet'!$C$2:$C$1003, 'Cost Data Sheet'!$D$2:$D$1003, 'Cost Data Sheet'!$E$2:$E$1003 ) ), 0 ) ) + IF( COUNTIFS( 'Service to CPT Map'!$A$2:$A$1017,$A22, 'Service to CPT Map'!$B$2:$B$1017,"High", 'Service to CPT Map'!$D$2:$D$1017,"Anesthesia" )>0, SUMPRODUCT( ('Service to CPT Map'!$A$2:$A$1017=$A22)* ('Service to CPT Map'!$B$2:$B$1017="High")* ('Service to CPT Map'!$D$2:$D$1017="Anesthesia")* IFERROR( _xlfn.XLOOKUP( 'Service to CPT Map'!$C$2:$C$1017, 'Cost Data Sheet'!$A$2:$A$1003, CHOOSE( MATCH('Master Data'!$B$19, {"Los Angeles","San Diego","San Francisco","Palo Alto"},0), 'Cost Data Sheet'!$B$2:$B$1003, 'Cost Data Sheet'!$C$2:$C$1003, 'Cost Data Sheet'!$D$2:$D$1003, 'Cost Data Sheet'!$E$2:$E$1003 ) ), 0 ) ), SUMPRODUCT( ('Service to CPT Map'!$A$2:$A$1017=$A22)* ('Service to CPT Map'!$B$2:$B$1017="High")* ('Service to CPT Map'!$D$2:$D$1017="Medical - Sedation")* IFERROR( _xlfn.XLOOKUP( 'Service to CPT Map'!$C$2:$C$1017, 'Cost Data Sheet'!$A$2:$A$1003, CHOOSE( MATCH('Master Data'!$B$19, {"Los Angeles","San Diego","San Francisco","Palo Alto"},0), 'Cost Data Sheet'!$B$2:$B$1003, 'Cost Data Sheet'!$C$2:$C$1003, 'Cost Data Sheet'!$D$2:$D$1003, 'Cost Data Sheet'!$E$2:$E$1003 ) ), 0 ) ) ) + MAX( SUMPRODUCT( ('Service to CPT Map'!$A$2:$A$1017=$A22)* ('Service to CPT Map'!$B$2:$B$1017="High")* ('Service to CPT Map'!$D$2:$D$1017="ASC")* IFERROR( _xlfn.XLOOKUP( 'Service to CPT Map'!$C$2:$C$1017, 'Cost Data Sheet'!$A$2:$A$1003, CHOOSE( MATCH('Master Data'!$B$19, {"Los Angeles","San Diego","San Francisco","Palo Alto"},0), 'Cost Data Sheet'!$B$2:$B$1003, 'Cost Data Sheet'!$C$2:$C$1003, 'Cost Data Sheet'!$D$2:$D$1003, 'Cost Data Sheet'!$E$2:$E$1003 ) ), 0 ) ), SUMPRODUCT( ('Service to CPT Map'!$A$2:$A$1017=$A22)* ('Service to CPT Map'!$B$2:$B$1017="High")* ('Service to CPT Map'!$D$2:$D$1017="Outpatient")* IFERROR( _xlfn.XLOOKUP( 'Service to CPT Map'!$C$2:$C$1017, 'Cost Data Sheet'!$A$2:$A$1003, CHOOSE( MATCH('Master Data'!$B$19, {"Los Angeles","San Diego","San Francisco","Palo Alto"},0), 'Cost Data Sheet'!$B$2:$B$1003, 'Cost Data Sheet'!$C$2:$C$1003, 'Cost Data Sheet'!$D$2:$D$1003, 'Cost Data Sheet'!$E$2:$E$1003 ) ), 0 ) ) ) )} -> 0 | G22: =IF(E22<F22,CONCATENATE(TEXT(E22,"$#,##0.00"),CHAR(10)," - ",CHAR(10),TEXT(F22,"$#,##0.00")),TEXT(E22,"$#,##0.00")) -> $0.00 | L22: =IF(LEN(K22)=0,IF(LEN(J22)=0,"lifetime",IF(J22=1,"year","years")),"years") -> lifetime | M22: =IF(L22="lifetime", IF(I22<>"", H22 & "-" & I22 & "x/lifetime", H22 & "x/lifetime"), IF(D22='Master Data'!$B$8, AD22 & AE22, AD22 & AE22 & AC22)) -> x/lifetime | N22: =ROUND(IF(OR(EXACT(TimeValue,"years"),EXACT(TimeValue,"year")),IF(OR(MinTimePeriod>0,MaxTimePeriod>0),MinFreq*MinCost/(IF(MaxTimePeriod>0,MaxTimePeriod,MinTimePeriod)),0),IF(EXACT(TimeValue,"lifetime"),0,IF(OR(EXACT(TimeValue,"month"),EXACT(TimeValue,"months")),IF(OR(MinTimePeriod>0,MaxTimePeriod>0),MinFreq*MinCost/(IF(MaxTimePeriod>0,MaxTimePeriod/12,MinTimePeriod/12)),0),IF(OR(EXACT(TimeValue,"week"),EXACT(TimeValue,"weeks")),IF(OR(MinTimePeriod>0,MaxTimePeriod>0),MinFreq*MinCost/(IF(MaxTimePeriod>0,MaxTimePeriod/52,MinTimePeriod/52)),0),IF(OR(EXACT(TimeValue,"day"),EXACT(TimeValue,"days")),IF(OR(MinTimePeriod>0,MaxTimePeriod>0),MinFreq*MinCost/(IF(MaxTimePeriod>0,MaxTimePeriod/365,MinTimePeriod/365))),"invalidinput"))))),2) -> 0 | O22: =ROUND(IF(TimeValue="lifetime",0,IF(OR(EXACT(TimeValue,"years"),EXACT(TimeValue,"year")),IF(OR(MinTimePeriod>0,MaxTimePeriod>0),(IF(MaxFreq>0,MaxFreq,MinFreq))*MaxCost/MinTimePeriod),IF(OR(EXACT(TimeValue,"month"),EXACT(TimeValue,"months")),IF(OR(MinTimePeriod>0,MaxTimePeriod>0),(IF(MaxFreq>0,MaxFreq,MinFreq))*MaxCost/(MinTimePeriod/12),0),IF(OR(EXACT(TimeValue,"week"),EXACT(TimeValue,"weeks")),IF(OR(MinTimePeriod>0,MaxTimePeriod>0),IF(MaxFreq>0,MaxFreq,MinFreq))*MaxCost/(MinTimePeriod/52),IF(OR(EXACT(TimeValue,"day"),EXACT(TimeValue,"days")),IF(OR(MinTimePeriod>0,MaxTimePeriod>0),IF(MaxFreq>0,MaxFreq,MinFreq))*MaxCost/(MinTimePeriod/365),"invalidinput"))))),2) -> 0 | P22: =IF(N22<O22,CONCATENATE(TEXT(N22,"$#,###.00"),CHAR(10)," - ",CHAR(10),TEXT(O22,"$#,####.00")),TEXT(N22,"$0.00")) -> $0.00 | Q22: =ROUND(IF(TimeValue="lifetime",MinCost*MinFreq,0),2) -> 0 | R22: =ROUND(IF(AND(TimeValue="lifetime",MaxFreq<1),MinFreq*MaxCost,IF(AND(TimeValue="lifetime",MaxFreq>=1),MaxFreq*MaxCost,0)),2) -> 0 | S22: =IF(Q22<R22,CONCATENATE(TEXT(Q22,"$#,##0.00"),CHAR(10)," - ",CHAR(10),TEXT(R22,"$#,##0.00")),TEXT(Q22,"$#,##0.00")) -> $0.00 | AA22: =IF(L22="lifetime", "one-time cost", IF(D22='Master Data'!$B$8, AD22 & AE22, AD22 & AE22 & AC22)) -> one-time cost | AB22: =IF(L22="lifetime", IF(I22<>"", H22 & "-" & I22 & "x/lifetime", H22 & "x/lifetime"), "ongoing cost") -> x/lifetime | AC22: =IF(Table14[[#This Row],[Duration (Years):]]<>'Master Data'!$B$8,CONCATENATE(",",CHAR(10),"for ",Table14[[#This Row],[Duration (Years):]]," years"),"lifelong") -> , for 0 years | AD22: =IF(L22="lifetime", "one-time cost", IF(I22<>"", H22 & "-" & I22 & "x/", H22 & "x/")) -> one-time cost | AE22: =IF(L22="lifetime", "one-time cost", IF(K22<>"", J22 & "-" & K22 & " " & L22, IF(J22>1, J22 & " " & L22, L22))) -> one-time cost
B23: ='Master Data'!$B$6 -> 126.3 | C23: ='Master Data'!$B$7 -> 136.3 | D23: =ROUND(C26-B26,1) -> 0 | E23: {=IF( $A23="Single Lung Transplant", _xlfn.XLOOKUP(1,'Cost Data Sheet'!$A$2:$A$1003,'Cost Data Sheet'!$F$2:$F$1003), IF( $A23="Double Lung Transplant", _xlfn.XLOOKUP(2,'Cost Data Sheet'!$A$2:$A$1003,'Cost Data Sheet'!$F$2:$F$1003), SUMPRODUCT( ('Service to CPT Map'!$A$2:$A$1017=$A23)* ('Service to CPT Map'!$B$2:$B$1017="Low")* ('Service to CPT Map'!$D$2:$D$1017="Medical")* IFERROR( _xlfn.XLOOKUP( 'Service to CPT Map'!$C$2:$C$1017, 'Cost Data Sheet'!$A$2:$A$1003, CHOOSE( MATCH('Master Data'!$B$19, {"Los Angeles","San Diego","San Francisco","Palo Alto"},0), 'Cost Data Sheet'!$B$2:$B$1003, 'Cost Data Sheet'!$C$2:$C$1003, 'Cost Data Sheet'!$D$2:$D$1003, 'Cost Data Sheet'!$E$2:$E$1003 ) ), 0 ) ) + IF( COUNTIFS( 'Service to CPT Map'!$A$2:$A$1017,$A23, 'Service to CPT Map'!$B$2:$B$1017,"Low", 'Service to CPT Map'!$D$2:$D$1017,"Anesthesia" )>0, SUMPRODUCT( ('Service to CPT Map'!$A$2:$A$1017=$A23)* ('Service to CPT Map'!$B$2:$B$1017="Low")* ('Service to CPT Map'!$D$2:$D$1017="Anesthesia")* IFERROR( _xlfn.XLOOKUP( 'Service to CPT Map'!$C$2:$C$1017, 'Cost Data Sheet'!$A$2:$A$1003, CHOOSE( MATCH('Master Data'!$B$19, {"Los Angeles","San Diego","San Francisco","Palo Alto"},0), 'Cost Data Sheet'!$B$2:$B$1003, 'Cost Data Sheet'!$C$2:$C$1003, 'Cost Data Sheet'!$D$2:$D$1003, 'Cost Data Sheet'!$E$2:$E$1003 ) ), 0 ) ), SUMPRODUCT( ('Service to CPT Map'!$A$2:$A$1017=$A23)* ('Service to CPT Map'!$B$2:$B$1017="Low")* ('Service to CPT Map'!$D$2:$D$1017="Medical - Sedation")* IFERROR( _xlfn.XLOOKUP( 'Service to CPT Map'!$C$2:$C$1017, 'Cost Data Sheet'!$A$2:$A$1003, CHOOSE( MATCH('Master Data'!$B$19, {"Los Angeles","San Diego","San Francisco","Palo Alto"},0), 'Cost Data Sheet'!$B$2:$B$1003, 'Cost Data Sheet'!$C$2:$C$1003, 'Cost Data Sheet'!$D$2:$D$1003, 'Cost Data Sheet'!$E$2:$E$1003 ) ), 0 ) ) ) + MIN( SUMPRODUCT( ('Service to CPT Map'!$A$2:$A$1017=$A23)* ('Service to CPT Map'!$B$2:$B$1017="Low")* ('Service to CPT Map'!$D$2:$D$1017="ASC")* IFERROR( _xlfn.XLOOKUP( 'Service to CPT Map'!$C$2:$C$1017, 'Cost Data Sheet'!$A$2:$A$1003, CHOOSE( MATCH('Master Data'!$B$19, {"Los Angeles","San Diego","San Francisco","Palo Alto"},0), 'Cost Data Sheet'!$B$2:$B$1003, 'Cost Data Sheet'!$C$2:$C$1003, 'Cost Data Sheet'!$D$2:$D$1003, 'Cost Data Sheet'!$E$2:$E$1003 ) ), 0 ) ), SUMPRODUCT( ('Service to CPT Map'!$A$2:$A$1017=$A23)* ('Service to CPT Map'!$B$2:$B$1017="Low")* ('Service to CPT Map'!$D$2:$D$1017="Outpatient")* IFERROR( _xlfn.XLOOKUP( 'Service to CPT Map'!$C$2:$C$1017, 'Cost Data Sheet'!$A$2:$A$1003, CHOOSE( MATCH('Master Data'!$B$19, {"Los Angeles","San Diego","San Francisco","Palo Alto"},0), 'Cost Data Sheet'!$B$2:$B$1003, 'Cost Data Sheet'!$C$2:$C$1003, 'Cost Data Sheet'!$D$2:$D$1003, 'Cost Data Sheet'!$E$2:$E$1003 ) ), 0 ) ) ) ) )} -> 0 | F23: {=IF( OR($A23="Single Lung Transplant",$A23="Double Lung Transplant"), E23, SUMPRODUCT( ('Service to CPT Map'!$A$2:$A$1017=$A23)* ('Service to CPT Map'!$B$2:$B$1017="High")* ('Service to CPT Map'!$D$2:$D$1017="Medical")* IFERROR( _xlfn.XLOOKUP( 'Service to CPT Map'!$C$2:$C$1017, 'Cost Data Sheet'!$A$2:$A$1003, CHOOSE( MATCH('Master Data'!$B$19, {"Los Angeles","San Diego","San Francisco","Palo Alto"},0), 'Cost Data Sheet'!$B$2:$B$1003, 'Cost Data Sheet'!$C$2:$C$1003, 'Cost Data Sheet'!$D$2:$D$1003, 'Cost Data Sheet'!$E$2:$E$1003 ) ), 0 ) ) + IF( COUNTIFS( 'Service to CPT Map'!$A$2:$A$1017,$A23, 'Service to CPT Map'!$B$2:$B$1017,"High", 'Service to CPT Map'!$D$2:$D$1017,"Anesthesia" )>0, SUMPRODUCT( ('Service to CPT Map'!$A$2:$A$1017=$A23)* ('Service to CPT Map'!$B$2:$B$1017="High")* ('Service to CPT Map'!$D$2:$D$1017="Anesthesia")* IFERROR( _xlfn.XLOOKUP( 'Service to CPT Map'!$C$2:$C$1017, 'Cost Data Sheet'!$A$2:$A$1003, CHOOSE( MATCH('Master Data'!$B$19, {"Los Angeles","San Diego","San Francisco","Palo Alto"},0), 'Cost Data Sheet'!$B$2:$B$1003, 'Cost Data Sheet'!$C$2:$C$1003, 'Cost Data Sheet'!$D$2:$D$1003, 'Cost Data Sheet'!$E$2:$E$1003 ) ), 0 ) ), SUMPRODUCT( ('Service to CPT Map'!$A$2:$A$1017=$A23)* ('Service to CPT Map'!$B$2:$B$1017="High")* ('Service to CPT Map'!$D$2:$D$1017="Medical - Sedation")* IFERROR( _xlfn.XLOOKUP( 'Service to CPT Map'!$C$2:$C$1017, 'Cost Data Sheet'!$A$2:$A$1003, CHOOSE( MATCH('Master Data'!$B$19, {"Los Angeles","San Diego","San Francisco","Palo Alto"},0), 'Cost Data Sheet'!$B$2:$B$1003, 'Cost Data Sheet'!$C$2:$C$1003, 'Cost Data Sheet'!$D$2:$D$1003, 'Cost Data Sheet'!$E$2:$E$1003 ) ), 0 ) ) ) + MAX( SUMPRODUCT( ('Service to CPT Map'!$A$2:$A$1017=$A23)* ('Service to CPT Map'!$B$2:$B$1017="High")* ('Service to CPT Map'!$D$2:$D$1017="ASC")* IFERROR( _xlfn.XLOOKUP( 'Service to CPT Map'!$C$2:$C$1017, 'Cost Data Sheet'!$A$2:$A$1003, CHOOSE( MATCH('Master Data'!$B$19, {"Los Angeles","San Diego","San Francisco","Palo Alto"},0), 'Cost Data Sheet'!$B$2:$B$1003, 'Cost Data Sheet'!$C$2:$C$1003, 'Cost Data Sheet'!$D$2:$D$1003, 'Cost Data Sheet'!$E$2:$E$1003 ) ), 0 ) ), SUMPRODUCT( ('Service to CPT Map'!$A$2:$A$1017=$A23)* ('Service to CPT Map'!$B$2:$B$1017="High")* ('Service to CPT Map'!$D$2:$D$1017="Outpatient")* IFERROR( _xlfn.XLOOKUP( 'Service to CPT Map'!$C$2:$C$1017, 'Cost Data Sheet'!$A$2:$A$1003, CHOOSE( MATCH('Master Data'!$B$19, {"Los Angeles","San Diego","San Francisco","Palo Alto"},0), 'Cost Data Sheet'!$B$2:$B$1003, 'Cost Data Sheet'!$C$2:$C$1003, 'Cost Data Sheet'!$D$2:$D$1003, 'Cost Data Sheet'!$E$2:$E$1003 ) ), 0 ) ) ) )} -> 0 | G23: =IF(E23<F23,CONCATENATE(TEXT(E23,"$#,##0.00"),CHAR(10)," - ",CHAR(10),TEXT(F23,"$#,##0.00")),TEXT(E23,"$#,##0.00")) -> $0.00 | L23: =IF(LEN(K23)=0,IF(LEN(J23)=0,"lifetime",IF(J23=1,"year","years")),"years") -> lifetime | M23: =IF(L23="lifetime", IF(I23<>"", H23 & "-" & I23 & "x/lifetime", H23 & "x/lifetime"), IF(D23='Master Data'!$B$8, AD23 & AE23, AD23 & AE23 & AC23)) -> x/lifetime | N23: =ROUND(IF(OR(EXACT(TimeValue,"years"),EXACT(TimeValue,"year")),IF(OR(MinTimePeriod>0,MaxTimePeriod>0),MinFreq*MinCost/(IF(MaxTimePeriod>0,MaxTimePeriod,MinTimePeriod)),0),IF(EXACT(TimeValue,"lifetime"),0,IF(OR(EXACT(TimeValue,"month"),EXACT(TimeValue,"months")),IF(OR(MinTimePeriod>0,MaxTimePeriod>0),MinFreq*MinCost/(IF(MaxTimePeriod>0,MaxTimePeriod/12,MinTimePeriod/12)),0),IF(OR(EXACT(TimeValue,"week"),EXACT(TimeValue,"weeks")),IF(OR(MinTimePeriod>0,MaxTimePeriod>0),MinFreq*MinCost/(IF(MaxTimePeriod>0,MaxTimePeriod/52,MinTimePeriod/52)),0),IF(OR(EXACT(TimeValue,"day"),EXACT(TimeValue,"days")),IF(OR(MinTimePeriod>0,MaxTimePeriod>0),MinFreq*MinCost/(IF(MaxTimePeriod>0,MaxTimePeriod/365,MinTimePeriod/365))),"invalidinput"))))),2) -> 0 | O23: =ROUND(IF(TimeValue="lifetime",0,IF(OR(EXACT(TimeValue,"years"),EXACT(TimeValue,"year")),IF(OR(MinTimePeriod>0,MaxTimePeriod>0),(IF(MaxFreq>0,MaxFreq,MinFreq))*MaxCost/MinTimePeriod),IF(OR(EXACT(TimeValue,"month"),EXACT(TimeValue,"months")),IF(OR(MinTimePeriod>0,MaxTimePeriod>0),(IF(MaxFreq>0,MaxFreq,MinFreq))*MaxCost/(MinTimePeriod/12),0),IF(OR(EXACT(TimeValue,"week"),EXACT(TimeValue,"weeks")),IF(OR(MinTimePeriod>0,MaxTimePeriod>0),IF(MaxFreq>0,MaxFreq,MinFreq))*MaxCost/(MinTimePeriod/52),IF(OR(EXACT(TimeValue,"day"),EXACT(TimeValue,"days")),IF(OR(MinTimePeriod>0,MaxTimePeriod>0),IF(MaxFreq>0,MaxFreq,MinFreq))*MaxCost/(MinTimePeriod/365),"invalidinput"))))),2) -> 0 | P23: =IF(N23<O23,CONCATENATE(TEXT(N23,"$#,###.00"),CHAR(10)," - ",CHAR(10),TEXT(O23,"$#,####.00")),TEXT(N23,"$0.00")) -> $0.00 | Q23: =ROUND(IF(TimeValue="lifetime",MinCost*MinFreq,0),2) -> 0 | R23: =ROUND(IF(AND(TimeValue="lifetime",MaxFreq<1),MinFreq*MaxCost,IF(AND(TimeValue="lifetime",MaxFreq>=1),MaxFreq*MaxCost,0)),2) -> 0 | S23: =IF(Q23<R23,CONCATENATE(TEXT(Q23,"$#,##0.00"),CHAR(10)," - ",CHAR(10),TEXT(R23,"$#,##0.00")),TEXT(Q23,"$#,##0.00")) -> $0.00 | AA23: =IF(L23="lifetime", "one-time cost", IF(D23='Master Data'!$B$8, AD23 & AE23, AD23 & AE23 & AC23)) -> one-time cost | AB23: =IF(L23="lifetime", IF(I23<>"", H23 & "-" & I23 & "x/lifetime", H23 & "x/lifetime"), "ongoing cost") -> x/lifetime | AC23: =IF(Table14[[#This Row],[Duration (Years):]]<>'Master Data'!$B$8,CONCATENATE(",",CHAR(10),"for ",Table14[[#This Row],[Duration (Years):]]," years"),"lifelong") -> , for 0 years | AD23: =IF(L23="lifetime", "one-time cost", IF(I23<>"", H23 & "-" & I23 & "x/", H23 & "x/")) -> one-time cost | AE23: =IF(L23="lifetime", "one-time cost", IF(K23<>"", J23 & "-" & K23 & " " & L23, IF(J23>1, J23 & " " & L23, L23))) -> one-time cost
B24: ='Master Data'!$B$6 -> 126.3 | C24: ='Master Data'!$B$7 -> 136.3 | D24: =ROUND(C26-B26,1) -> 0 | E24: {=IF( $A24="Single Lung Transplant", _xlfn.XLOOKUP(1,'Cost Data Sheet'!$A$2:$A$1003,'Cost Data Sheet'!$F$2:$F$1003), IF( $A24="Double Lung Transplant", _xlfn.XLOOKUP(2,'Cost Data Sheet'!$A$2:$A$1003,'Cost Data Sheet'!$F$2:$F$1003), SUMPRODUCT( ('Service to CPT Map'!$A$2:$A$1017=$A24)* ('Service to CPT Map'!$B$2:$B$1017="Low")* ('Service to CPT Map'!$D$2:$D$1017="Medical")* IFERROR( _xlfn.XLOOKUP( 'Service to CPT Map'!$C$2:$C$1017, 'Cost Data Sheet'!$A$2:$A$1003, CHOOSE( MATCH('Master Data'!$B$19, {"Los Angeles","San Diego","San Francisco","Palo Alto"},0), 'Cost Data Sheet'!$B$2:$B$1003, 'Cost Data Sheet'!$C$2:$C$1003, 'Cost Data Sheet'!$D$2:$D$1003, 'Cost Data Sheet'!$E$2:$E$1003 ) ), 0 ) ) + IF( COUNTIFS( 'Service to CPT Map'!$A$2:$A$1017,$A24, 'Service to CPT Map'!$B$2:$B$1017,"Low", 'Service to CPT Map'!$D$2:$D$1017,"Anesthesia" )>0, SUMPRODUCT( ('Service to CPT Map'!$A$2:$A$1017=$A24)* ('Service to CPT Map'!$B$2:$B$1017="Low")* ('Service to CPT Map'!$D$2:$D$1017="Anesthesia")* IFERROR( _xlfn.XLOOKUP( 'Service to CPT Map'!$C$2:$C$1017, 'Cost Data Sheet'!$A$2:$A$1003, CHOOSE( MATCH('Master Data'!$B$19, {"Los Angeles","San Diego","San Francisco","Palo Alto"},0), 'Cost Data Sheet'!$B$2:$B$1003, 'Cost Data Sheet'!$C$2:$C$1003, 'Cost Data Sheet'!$D$2:$D$1003, 'Cost Data Sheet'!$E$2:$E$1003 ) ), 0 ) ), SUMPRODUCT( ('Service to CPT Map'!$A$2:$A$1017=$A24)* ('Service to CPT Map'!$B$2:$B$1017="Low")* ('Service to CPT Map'!$D$2:$D$1017="Medical - Sedation")* IFERROR( _xlfn.XLOOKUP( 'Service to CPT Map'!$C$2:$C$1017, 'Cost Data Sheet'!$A$2:$A$1003, CHOOSE( MATCH('Master Data'!$B$19, {"Los Angeles","San Diego","San Francisco","Palo Alto"},0), 'Cost Data Sheet'!$B$2:$B$1003, 'Cost Data Sheet'!$C$2:$C$1003, 'Cost Data Sheet'!$D$2:$D$1003, 'Cost Data Sheet'!$E$2:$E$1003 ) ), 0 ) ) ) + MIN( SUMPRODUCT( ('Service to CPT Map'!$A$2:$A$1017=$A24)* ('Service to CPT Map'!$B$2:$B$1017="Low")* ('Service to CPT Map'!$D$2:$D$1017="ASC")* IFERROR( _xlfn.XLOOKUP( 'Service to CPT Map'!$C$2:$C$1017, 'Cost Data Sheet'!$A$2:$A$1003, CHOOSE( MATCH('Master Data'!$B$19, {"Los Angeles","San Diego","San Francisco","Palo Alto"},0), 'Cost Data Sheet'!$B$2:$B$1003, 'Cost Data Sheet'!$C$2:$C$1003, 'Cost Data Sheet'!$D$2:$D$1003, 'Cost Data Sheet'!$E$2:$E$1003 ) ), 0 ) ), SUMPRODUCT( ('Service to CPT Map'!$A$2:$A$1017=$A24)* ('Service to CPT Map'!$B$2:$B$1017="Low")* ('Service to CPT Map'!$D$2:$D$1017="Outpatient")* IFERROR( _xlfn.XLOOKUP( 'Service to CPT Map'!$C$2:$C$1017, 'Cost Data Sheet'!$A$2:$A$1003, CHOOSE( MATCH('Master Data'!$B$19, {"Los Angeles","San Diego","San Francisco","Palo Alto"},0), 'Cost Data Sheet'!$B$2:$B$1003, 'Cost Data Sheet'!$C$2:$C$1003, 'Cost Data Sheet'!$D$2:$D$1003, 'Cost Data Sheet'!$E$2:$E$1003 ) ), 0 ) ) ) ) )} -> 0 | F24: {=IF( OR($A24="Single Lung Transplant",$A24="Double Lung Transplant"), E24, SUMPRODUCT( ('Service to CPT Map'!$A$2:$A$1017=$A24)* ('Service to CPT Map'!$B$2:$B$1017="High")* ('Service to CPT Map'!$D$2:$D$1017="Medical")* IFERROR( _xlfn.XLOOKUP( 'Service to CPT Map'!$C$2:$C$1017, 'Cost Data Sheet'!$A$2:$A$1003, CHOOSE( MATCH('Master Data'!$B$19, {"Los Angeles","San Diego","San Francisco","Palo Alto"},0), 'Cost Data Sheet'!$B$2:$B$1003, 'Cost Data Sheet'!$C$2:$C$1003, 'Cost Data Sheet'!$D$2:$D$1003, 'Cost Data Sheet'!$E$2:$E$1003 ) ), 0 ) ) + IF( COUNTIFS( 'Service to CPT Map'!$A$2:$A$1017,$A24, 'Service to CPT Map'!$B$2:$B$1017,"High", 'Service to CPT Map'!$D$2:$D$1017,"Anesthesia" )>0, SUMPRODUCT( ('Service to CPT Map'!$A$2:$A$1017=$A24)* ('Service to CPT Map'!$B$2:$B$1017="High")* ('Service to CPT Map'!$D$2:$D$1017="Anesthesia")* IFERROR( _xlfn.XLOOKUP( 'Service to CPT Map'!$C$2:$C$1017, 'Cost Data Sheet'!$A$2:$A$1003, CHOOSE( MATCH('Master Data'!$B$19, {"Los Angeles","San Diego","San Francisco","Palo Alto"},0), 'Cost Data Sheet'!$B$2:$B$1003, 'Cost Data Sheet'!$C$2:$C$1003, 'Cost Data Sheet'!$D$2:$D$1003, 'Cost Data Sheet'!$E$2:$E$1003 ) ), 0 ) ), SUMPRODUCT( ('Service to CPT Map'!$A$2:$A$1017=$A24)* ('Service to CPT Map'!$B$2:$B$1017="High")* ('Service to CPT Map'!$D$2:$D$1017="Medical - Sedation")* IFERROR( _xlfn.XLOOKUP( 'Service to CPT Map'!$C$2:$C$1017, 'Cost Data Sheet'!$A$2:$A$1003, CHOOSE( MATCH('Master Data'!$B$19, {"Los Angeles","San Diego","San Francisco","Palo Alto"},0), 'Cost Data Sheet'!$B$2:$B$1003, 'Cost Data Sheet'!$C$2:$C$1003, 'Cost Data Sheet'!$D$2:$D$1003, 'Cost Data Sheet'!$E$2:$E$1003 ) ), 0 ) ) ) + MAX( SUMPRODUCT( ('Service to CPT Map'!$A$2:$A$1017=$A24)* ('Service to CPT Map'!$B$2:$B$1017="High")* ('Service to CPT Map'!$D$2:$D$1017="ASC")* IFERROR( _xlfn.XLOOKUP( 'Service to CPT Map'!$C$2:$C$1017, 'Cost Data Sheet'!$A$2:$A$1003, CHOOSE( MATCH('Master Data'!$B$19, {"Los Angeles","San Diego","San Francisco","Palo Alto"},0), 'Cost Data Sheet'!$B$2:$B$1003, 'Cost Data Sheet'!$C$2:$C$1003, 'Cost Data Sheet'!$D$2:$D$1003, 'Cost Data Sheet'!$E$2:$E$1003 ) ), 0 ) ), SUMPRODUCT( ('Service to CPT Map'!$A$2:$A$1017=$A24)* ('Service to CPT Map'!$B$2:$B$1017="High")* ('Service to CPT Map'!$D$2:$D$1017="Outpatient")* IFERROR( _xlfn.XLOOKUP( 'Service to CPT Map'!$C$2:$C$1017, 'Cost Data Sheet'!$A$2:$A$1003, CHOOSE( MATCH('Master Data'!$B$19, {"Los Angeles","San Diego","San Francisco","Palo Alto"},0), 'Cost Data Sheet'!$B$2:$B$1003, 'Cost Data Sheet'!$C$2:$C$1003, 'Cost Data Sheet'!$D$2:$D$1003, 'Cost Data Sheet'!$E$2:$E$1003 ) ), 0 ) ) ) )} -> 0 | G24: =IF(E24<F24,CONCATENATE(TEXT(E24,"$#,##0.00"),CHAR(10)," - ",CHAR(10),TEXT(F24,"$#,##0.00")),TEXT(E24,"$#,##0.00")) -> $0.00 | L24: =IF(LEN(K24)=0,IF(LEN(J24)=0,"lifetime",IF(J24=1,"year","years")),"years") -> lifetime | M24: =IF(L24="lifetime", IF(I24<>"", H24 & "-" & I24 & "x/lifetime", H24 & "x/lifetime"), IF(D24='Master Data'!$B$8, AD24 & AE24, AD24 & AE24 & AC24)) -> x/lifetime | N24: =ROUND(IF(OR(EXACT(TimeValue,"years"),EXACT(TimeValue,"year")),IF(OR(MinTimePeriod>0,MaxTimePeriod>0),MinFreq*MinCost/(IF(MaxTimePeriod>0,MaxTimePeriod,MinTimePeriod)),0),IF(EXACT(TimeValue,"lifetime"),0,IF(OR(EXACT(TimeValue,"month"),EXACT(TimeValue,"months")),IF(OR(MinTimePeriod>0,MaxTimePeriod>0),MinFreq*MinCost/(IF(MaxTimePeriod>0,MaxTimePeriod/12,MinTimePeriod/12)),0),IF(OR(EXACT(TimeValue,"week"),EXACT(TimeValue,"weeks")),IF(OR(MinTimePeriod>0,MaxTimePeriod>0),MinFreq*MinCost/(IF(MaxTimePeriod>0,MaxTimePeriod/52,MinTimePeriod/52)),0),IF(OR(EXACT(TimeValue,"day"),EXACT(TimeValue,"days")),IF(OR(MinTimePeriod>0,MaxTimePeriod>0),MinFreq*MinCost/(IF(MaxTimePeriod>0,MaxTimePeriod/365,MinTimePeriod/365))),"invalidinput"))))),2) -> 0 | O24: =ROUND(IF(TimeValue="lifetime",0,IF(OR(EXACT(TimeValue,"years"),EXACT(TimeValue,"year")),IF(OR(MinTimePeriod>0,MaxTimePeriod>0),(IF(MaxFreq>0,MaxFreq,MinFreq))*MaxCost/MinTimePeriod),IF(OR(EXACT(TimeValue,"month"),EXACT(TimeValue,"months")),IF(OR(MinTimePeriod>0,MaxTimePeriod>0),(IF(MaxFreq>0,MaxFreq,MinFreq))*MaxCost/(MinTimePeriod/12),0),IF(OR(EXACT(TimeValue,"week"),EXACT(TimeValue,"weeks")),IF(OR(MinTimePeriod>0,MaxTimePeriod>0),IF(MaxFreq>0,MaxFreq,MinFreq))*MaxCost/(MinTimePeriod/52),IF(OR(EXACT(TimeValue,"day"),EXACT(TimeValue,"days")),IF(OR(MinTimePeriod>0,MaxTimePeriod>0),IF(MaxFreq>0,MaxFreq,MinFreq))*MaxCost/(MinTimePeriod/365),"invalidinput"))))),2) -> 0 | P24: =IF(N24<O24,CONCATENATE(TEXT(N24,"$#,###.00"),CHAR(10)," - ",CHAR(10),TEXT(O24,"$#,####.00")),TEXT(N24,"$0.00")) -> $0.00 | Q24: =ROUND(IF(TimeValue="lifetime",MinCost*MinFreq,0),2) -> 0 | R24: =ROUND(IF(AND(TimeValue="lifetime",MaxFreq<1),MinFreq*MaxCost,IF(AND(TimeValue="lifetime",MaxFreq>=1),MaxFreq*MaxCost,0)),2) -> 0 | S24: =IF(Q24<R24,CONCATENATE(TEXT(Q24,"$#,##0.00"),CHAR(10)," - ",CHAR(10),TEXT(R24,"$#,##0.00")),TEXT(Q24,"$#,##0.00")) -> $0.00 | AA24: =IF(L24="lifetime", "one-time cost", IF(D24='Master Data'!$B$8, AD24 & AE24, AD24 & AE24 & AC24)) -> one-time cost | AB24: =IF(L24="lifetime", IF(I24<>"", H24 & "-" & I24 & "x/lifetime", H24 & "x/lifetime"), "ongoing cost") -> x/lifetime | AC24: =IF(Table14[[#This Row],[Duration (Years):]]<>'Master Data'!$B$8,CONCATENATE(",",CHAR(10),"for ",Table14[[#This Row],[Duration (Years):]]," years"),"lifelong") -> , for 0 years | AD24: =IF(L24="lifetime", "one-time cost", IF(I24<>"", H24 & "-" & I24 & "x/", H24 & "x/")) -> one-time cost | AE24: =IF(L24="lifetime", "one-time cost", IF(K24<>"", J24 & "-" & K24 & " " & L24, IF(J24>1, J24 & " " & L24, L24))) -> one-time cost
B25: ='Master Data'!$B$6 -> 126.3 | C25: ='Master Data'!$B$7 -> 136.3 | D25: =ROUND(C26-B26,1) -> 0 | E25: {=IF( $A25="Single Lung Transplant", _xlfn.XLOOKUP(1,'Cost Data Sheet'!$A$2:$A$1003,'Cost Data Sheet'!$F$2:$F$1003), IF( $A25="Double Lung Transplant", _xlfn.XLOOKUP(2,'Cost Data Sheet'!$A$2:$A$1003,'Cost Data Sheet'!$F$2:$F$1003), SUMPRODUCT( ('Service to CPT Map'!$A$2:$A$1017=$A25)* ('Service to CPT Map'!$B$2:$B$1017="Low")* ('Service to CPT Map'!$D$2:$D$1017="Medical")* IFERROR( _xlfn.XLOOKUP( 'Service to CPT Map'!$C$2:$C$1017, 'Cost Data Sheet'!$A$2:$A$1003, CHOOSE( MATCH('Master Data'!$B$19, {"Los Angeles","San Diego","San Francisco","Palo Alto"},0), 'Cost Data Sheet'!$B$2:$B$1003, 'Cost Data Sheet'!$C$2:$C$1003, 'Cost Data Sheet'!$D$2:$D$1003, 'Cost Data Sheet'!$E$2:$E$1003 ) ), 0 ) ) + IF( COUNTIFS( 'Service to CPT Map'!$A$2:$A$1017,$A25, 'Service to CPT Map'!$B$2:$B$1017,"Low", 'Service to CPT Map'!$D$2:$D$1017,"Anesthesia" )>0, SUMPRODUCT( ('Service to CPT Map'!$A$2:$A$1017=$A25)* ('Service to CPT Map'!$B$2:$B$1017="Low")* ('Service to CPT Map'!$D$2:$D$1017="Anesthesia")* IFERROR( _xlfn.XLOOKUP( 'Service to CPT Map'!$C$2:$C$1017, 'Cost Data Sheet'!$A$2:$A$1003, CHOOSE( MATCH('Master Data'!$B$19, {"Los Angeles","San Diego","San Francisco","Palo Alto"},0), 'Cost Data Sheet'!$B$2:$B$1003, 'Cost Data Sheet'!$C$2:$C$1003, 'Cost Data Sheet'!$D$2:$D$1003, 'Cost Data Sheet'!$E$2:$E$1003 ) ), 0 ) ), SUMPRODUCT( ('Service to CPT Map'!$A$2:$A$1017=$A25)* ('Service to CPT Map'!$B$2:$B$1017="Low")* ('Service to CPT Map'!$D$2:$D$1017="Medical - Sedation")* IFERROR( _xlfn.XLOOKUP( 'Service to CPT Map'!$C$2:$C$1017, 'Cost Data Sheet'!$A$2:$A$1003, CHOOSE( MATCH('Master Data'!$B$19, {"Los Angeles","San Diego","San Francisco","Palo Alto"},0), 'Cost Data Sheet'!$B$2:$B$1003, 'Cost Data Sheet'!$C$2:$C$1003, 'Cost Data Sheet'!$D$2:$D$1003, 'Cost Data Sheet'!$E$2:$E$1003 ) ), 0 ) ) ) + MIN( SUMPRODUCT( ('Service to CPT Map'!$A$2:$A$1017=$A25)* ('Service to CPT Map'!$B$2:$B$1017="Low")* ('Service to CPT Map'!$D$2:$D$1017="ASC")* IFERROR( _xlfn.XLOOKUP( 'Service to CPT Map'!$C$2:$C$1017, 'Cost Data Sheet'!$A$2:$A$1003, CHOOSE( MATCH('Master Data'!$B$19, {"Los Angeles","San Diego","San Francisco","Palo Alto"},0), 'Cost Data Sheet'!$B$2:$B$1003, 'Cost Data Sheet'!$C$2:$C$1003, 'Cost Data Sheet'!$D$2:$D$1003, 'Cost Data Sheet'!$E$2:$E$1003 ) ), 0 ) ), SUMPRODUCT( ('Service to CPT Map'!$A$2:$A$1017=$A25)* ('Service to CPT Map'!$B$2:$B$1017="Low")* ('Service to CPT Map'!$D$2:$D$1017="Outpatient")* IFERROR( _xlfn.XLOOKUP( 'Service to CPT Map'!$C$2:$C$1017, 'Cost Data Sheet'!$A$2:$A$1003, CHOOSE( MATCH('Master Data'!$B$19, {"Los Angeles","San Diego","San Francisco","Palo Alto"},0), 'Cost Data Sheet'!$B$2:$B$1003, 'Cost Data Sheet'!$C$2:$C$1003, 'Cost Data Sheet'!$D$2:$D$1003, 'Cost Data Sheet'!$E$2:$E$1003 ) ), 0 ) ) ) ) )} -> 0 | F25: {=IF( OR($A25="Single Lung Transplant",$A25="Double Lung Transplant"), E25, SUMPRODUCT( ('Service to CPT Map'!$A$2:$A$1017=$A25)* ('Service to CPT Map'!$B$2:$B$1017="High")* ('Service to CPT Map'!$D$2:$D$1017="Medical")* IFERROR( _xlfn.XLOOKUP( 'Service to CPT Map'!$C$2:$C$1017, 'Cost Data Sheet'!$A$2:$A$1003, CHOOSE( MATCH('Master Data'!$B$19, {"Los Angeles","San Diego","San Francisco","Palo Alto"},0), 'Cost Data Sheet'!$B$2:$B$1003, 'Cost Data Sheet'!$C$2:$C$1003, 'Cost Data Sheet'!$D$2:$D$1003, 'Cost Data Sheet'!$E$2:$E$1003 ) ), 0 ) ) + IF( COUNTIFS( 'Service to CPT Map'!$A$2:$A$1017,$A25, 'Service to CPT Map'!$B$2:$B$1017,"High", 'Service to CPT Map'!$D$2:$D$1017,"Anesthesia" )>0, SUMPRODUCT( ('Service to CPT Map'!$A$2:$A$1017=$A25)* ('Service to CPT Map'!$B$2:$B$1017="High")* ('Service to CPT Map'!$D$2:$D$1017="Anesthesia")* IFERROR( _xlfn.XLOOKUP( 'Service to CPT Map'!$C$2:$C$1017, 'Cost Data Sheet'!$A$2:$A$1003, CHOOSE( MATCH('Master Data'!$B$19, {"Los Angeles","San Diego","San Francisco","Palo Alto"},0), 'Cost Data Sheet'!$B$2:$B$1003, 'Cost Data Sheet'!$C$2:$C$1003, 'Cost Data Sheet'!$D$2:$D$1003, 'Cost Data Sheet'!$E$2:$E$1003 ) ), 0 ) ), SUMPRODUCT( ('Service to CPT Map'!$A$2:$A$1017=$A25)* ('Service to CPT Map'!$B$2:$B$1017="High")* ('Service to CPT Map'!$D$2:$D$1017="Medical - Sedation")* IFERROR( _xlfn.XLOOKUP( 'Service to CPT Map'!$C$2:$C$1017, 'Cost Data Sheet'!$A$2:$A$1003, CHOOSE( MATCH('Master Data'!$B$19, {"Los Angeles","San Diego","San Francisco","Palo Alto"},0), 'Cost Data Sheet'!$B$2:$B$1003, 'Cost Data Sheet'!$C$2:$C$1003, 'Cost Data Sheet'!$D$2:$D$1003, 'Cost Data Sheet'!$E$2:$E$1003 ) ), 0 ) ) ) + MAX( SUMPRODUCT( ('Service to CPT Map'!$A$2:$A$1017=$A25)* ('Service to CPT Map'!$B$2:$B$1017="High")* ('Service to CPT Map'!$D$2:$D$1017="ASC")* IFERROR( _xlfn.XLOOKUP( 'Service to CPT Map'!$C$2:$C$1017, 'Cost Data Sheet'!$A$2:$A$1003, CHOOSE( MATCH('Master Data'!$B$19, {"Los Angeles","San Diego","San Francisco","Palo Alto"},0), 'Cost Data Sheet'!$B$2:$B$1003, 'Cost Data Sheet'!$C$2:$C$1003, 'Cost Data Sheet'!$D$2:$D$1003, 'Cost Data Sheet'!$E$2:$E$1003 ) ), 0 ) ), SUMPRODUCT( ('Service to CPT Map'!$A$2:$A$1017=$A25)* ('Service to CPT Map'!$B$2:$B$1017="High")* ('Service to CPT Map'!$D$2:$D$1017="Outpatient")* IFERROR( _xlfn.XLOOKUP( 'Service to CPT Map'!$C$2:$C$1017, 'Cost Data Sheet'!$A$2:$A$1003, CHOOSE( MATCH('Master Data'!$B$19, {"Los Angeles","San Diego","San Francisco","Palo Alto"},0), 'Cost Data Sheet'!$B$2:$B$1003, 'Cost Data Sheet'!$C$2:$C$1003, 'Cost Data Sheet'!$D$2:$D$1003, 'Cost Data Sheet'!$E$2:$E$1003 ) ), 0 ) ) ) )} -> 0 | G25: =IF(E25<F25,CONCATENATE(TEXT(E25,"$#,##0.00"),CHAR(10)," - ",CHAR(10),TEXT(F25,"$#,##0.00")),TEXT(E25,"$#,##0.00")) -> $0.00 | L25: =IF(LEN(K25)=0,IF(LEN(J25)=0,"lifetime",IF(J25=1,"year","years")),"years") -> lifetime | M25: =IF(L25="lifetime", IF(I25<>"", H25 & "-" & I25 & "x/lifetime", H25 & "x/lifetime"), IF(D25='Master Data'!$B$8, AD25 & AE25, AD25 & AE25 & AC25)) -> x/lifetime | N25: =ROUND(IF(OR(EXACT(TimeValue,"years"),EXACT(TimeValue,"year")),IF(OR(MinTimePeriod>0,MaxTimePeriod>0),MinFreq*MinCost/(IF(MaxTimePeriod>0,MaxTimePeriod,MinTimePeriod)),0),IF(EXACT(TimeValue,"lifetime"),0,IF(OR(EXACT(TimeValue,"month"),EXACT(TimeValue,"months")),IF(OR(MinTimePeriod>0,MaxTimePeriod>0),MinFreq*MinCost/(IF(MaxTimePeriod>0,MaxTimePeriod/12,MinTimePeriod/12)),0),IF(OR(EXACT(TimeValue,"week"),EXACT(TimeValue,"weeks")),IF(OR(MinTimePeriod>0,MaxTimePeriod>0),MinFreq*MinCost/(IF(MaxTimePeriod>0,MaxTimePeriod/52,MinTimePeriod/52)),0),IF(OR(EXACT(TimeValue,"day"),EXACT(TimeValue,"days")),IF(OR(MinTimePeriod>0,MaxTimePeriod>0),MinFreq*MinCost/(IF(MaxTimePeriod>0,MaxTimePeriod/365,MinTimePeriod/365))),"invalidinput"))))),2) -> 0 | O25: =ROUND(IF(TimeValue="lifetime",0,IF(OR(EXACT(TimeValue,"years"),EXACT(TimeValue,"year")),IF(OR(MinTimePeriod>0,MaxTimePeriod>0),(IF(MaxFreq>0,MaxFreq,MinFreq))*MaxCost/MinTimePeriod),IF(OR(EXACT(TimeValue,"month"),EXACT(TimeValue,"months")),IF(OR(MinTimePeriod>0,MaxTimePeriod>0),(IF(MaxFreq>0,MaxFreq,MinFreq))*MaxCost/(MinTimePeriod/12),0),IF(OR(EXACT(TimeValue,"week"),EXACT(TimeValue,"weeks")),IF(OR(MinTimePeriod>0,MaxTimePeriod>0),IF(MaxFreq>0,MaxFreq,MinFreq))*MaxCost/(MinTimePeriod/52),IF(OR(EXACT(TimeValue,"day"),EXACT(TimeValue,"days")),IF(OR(MinTimePeriod>0,MaxTimePeriod>0),IF(MaxFreq>0,MaxFreq,MinFreq))*MaxCost/(MinTimePeriod/365),"invalidinput"))))),2) -> 0 | P25: =IF(N25<O25,CONCATENATE(TEXT(N25,"$#,###.00"),CHAR(10)," - ",CHAR(10),TEXT(O25,"$#,####.00")),TEXT(N25,"$0.00")) -> $0.00 | Q25: =ROUND(IF(TimeValue="lifetime",MinCost*MinFreq,0),2) -> 0 | R25: =ROUND(IF(AND(TimeValue="lifetime",MaxFreq<1),MinFreq*MaxCost,IF(AND(TimeValue="lifetime",MaxFreq>=1),MaxFreq*MaxCost,0)),2) -> 0 | S25: =IF(Q25<R25,CONCATENATE(TEXT(Q25,"$#,##0.00"),CHAR(10)," - ",CHAR(10),TEXT(R25,"$#,##0.00")),TEXT(Q25,"$#,##0.00")) -> $0.00 | AA25: =IF(L25="lifetime", "one-time cost", IF(D25='Master Data'!$B$8, AD25 & AE25, AD25 & AE25 & AC25)) -> one-time cost | AB25: =IF(L25="lifetime", IF(I25<>"", H25 & "-" & I25 & "x/lifetime", H25 & "x/lifetime"), "ongoing cost") -> x/lifetime | AC25: =IF(Table14[[#This Row],[Duration (Years):]]<>'Master Data'!$B$8,CONCATENATE(",",CHAR(10),"for ",Table14[[#This Row],[Duration (Years):]]," years"),"lifelong") -> , for 0 years | AD25: =IF(L25="lifetime", "one-time cost", IF(I25<>"", H25 & "-" & I25 & "x/", H25 & "x/")) -> one-time cost | AE25: =IF(L25="lifetime", "one-time cost", IF(K25<>"", J25 & "-" & K25 & " " & L25, IF(J25>1, J25 & " " & L25, L25))) -> one-time cost
M26: Total: | P26: =IF(U3="same",IF(SUM(Table14[Annual Cost Max:])=0,"$0.00",CONCATENATE(TEXT(SUM(AnnMin),"$#,##0.00"),CHAR(10)," - ",CHAR(10),TEXT(SUM(AnnMax),"$#,##0.00"))),"Variable by year") -> Variable by year | S26: =IF(SUM(OneTimeMax)=0,"$0.00",CONCATENATE(TEXT(SUM(OneTimeMin),"$#,##0.00"),CHAR(10)," - ",CHAR(10),TEXT(SUM(OneTimeMax),"$#,##0.00"))) -> $2,435,068.00 - $2,473,365.00 | AA26: =IF(L26="lifetime", "one-time cost", IF(D26='Master Data'!$B$8, AD26 & AE26, AD26 & AE26 & AC26)) -> #VALUE! | AB26: =IF(L26="lifetime", IF(I26<>"", H26 & "-" & I26 & "x/lifetime", H26 & "x/lifetime"), "ongoing cost") -> ongoing cost | AC26: =IF(Table14[[#This Row],[Duration (Years):]]<>'Master Data'!$B$8,CONCATENATE(",",CHAR(10),"for ",Table14[[#This Row],[Duration (Years):]]," years"),"lifelong") -> #VALUE! | AD26: =IF(L26="lifetime", "one-time cost", IF(I26<>"", H26 & "-" & I26 & "x/", H26 & "x/")) -> x/ | AE26: =IF(L26="lifetime", "one-time cost", IF(K26<>"", J26 & "-" & K26 & " " & L26, IF(J26>1, J26 & " " & L26, L26))) -> 0
AA27: =IF(L27="lifetime", "one-time cost", IF(D27='Master Data'!$B$8, AD27 & AE27, AD27 & AE27 & AC27)) -> #VALUE! | AB27: =IF(L27="lifetime", IF(I27<>"", H27 & "-" & I27 & "x/lifetime", H27 & "x/lifetime"), "ongoing cost") -> ongoing cost | AC27: =IF(Table14[[#This Row],[Duration (Years):]]<>'Master Data'!$B$8,CONCATENATE(",",CHAR(10),"for ",Table14[[#This Row],[Duration (Years):]]," years"),"lifelong") -> #VALUE! | AD27: =IF(L27="lifetime", "one-time cost", IF(I27<>"", H27 & "-" & I27 & "x/", H27 & "x/")) -> x/ | AE27: =IF(L27="lifetime", "one-time cost", IF(K27<>"", J27 & "-" & K27 & " " & L27, IF(J27>1, J27 & " " & L27, L27))) -> 0
AA28: =IF(L28="lifetime", "one-time cost", IF(D28='Master Data'!$B$8, AD28 & AE28, AD28 & AE28 & AC28)) -> #VALUE! | AB28: =IF(L28="lifetime", IF(I28<>"", H28 & "-" & I28 & "x/lifetime", H28 & "x/lifetime"), "ongoing cost") -> ongoing cost | AC28: =IF(Table14[[#This Row],[Duration (Years):]]<>'Master Data'!$B$8,CONCATENATE(",",CHAR(10),"for ",Table14[[#This Row],[Duration (Years):]]," years"),"lifelong") -> #VALUE! | AD28: =IF(L28="lifetime", "one-time cost", IF(I28<>"", H28 & "-" & I28 & "x/", H28 & "x/")) -> x/ | AE28: =IF(L28="lifetime", "one-time cost", IF(K28<>"", J28 & "-" & K28 & " " & L28, IF(J28>1, J28 & " " & L28, L28))) -> 0
